date,t,LASTOBSERVED,LASTDAY,SimpleExpSmoothing,ExpSmoothing,ARIMA,SARIMA,Prophet
2012-03-13 00:00:00,114787,114544.0,105199.0,115156.92588391306,115419.48442737495,114740.94835516,117336.0,119489.15689428653
2012-03-13 00:15:00,113695,114665.5,104713.0,114987.792328617,114093.65104515717,114594.51902659686,115575.5,119438.48464006836
2012-03-13 00:30:00,112724,114342.0,105442.0,114588.91631431693,114149.977380508,114191.62354923465,115677.66666666669,119443.02987854865
2012-03-13 00:45:00,109083,113937.5,103378.0,114145.51958789724,113576.07972832465,113746.08186584336,112875.25,119553.41249098233
2012-03-13 01:00:00,102407,112572.25,104349.0,112706.89260659216,111762.86022819676,112487.41084742836,112238.25,119633.39436027686
2012-03-13 01:15:00,102407,109477.25,103014.0,109753.6473207502,109341.5824822778,109811.62145264029,108020.75,119686.71521905623
2012-03-13 01:30:00,102407,106655.25,103985.0,106920.41516605493,106536.46487054892,107407.93160213764,106594.5,119706.16730857348
2012-03-13 01:45:00,102407,104076.0,103257.0,104319.42901886236,104030.52821197992,105338.82756257858,103651.5,119620.0500193245
2012-03-13 02:00:00,102407,102407.0,103864.0,102570.66834393985,102176.00654720188,104028.44779168912,102619.75,119470.18622159286
2012-03-13 02:15:00,102407,102407.0,103864.0,102421.00696524883,102204.33200453954,103964.8782014108,102741.0,119306.2693223105
2012-03-13 02:30:00,102407,102407.0,104349.0,102408.1987356306,102998.64989609199,103964.8782014108,103013.5,119128.88261529748
2012-03-13 02:45:00,102407,102407.0,105077.0,102407.10258946793,103091.98711830306,103964.8782014108,103650.5,118938.41483742662
2012-03-13 03:00:00,102407,102407.0,105563.0,102407.0087797498,103131.39114449755,103964.8782014108,103681.5,118708.77912132908
2012-03-13 03:15:00,102407,102407.0,105806.0,102407.00075138324,102477.58134306775,103964.8782014108,103499.75,118484.98923767256
2012-03-13 03:30:00,102407,102407.0,106170.0,102407.00006430443,102585.65100724195,103964.8782014108,103378.25,118165.48558527534
2012-03-13 03:45:00,102407,102407.0,105927.0,102407.00000550326,102407.00828160957,103964.8782014108,102680.0,117870.19979605453
2012-03-13 04:00:00,102407,102407.0,106534.0,102407.000000471,104216.67970737496,103964.8782014108,103074.5,117691.73012817289
2012-03-13 04:15:00,102407,102407.0,105077.0,102407.00000004034,103656.46270022883,103964.8782014108,101374.75,117578.78132308956
2012-03-13 04:30:00,102407,102407.0,107141.0,102407.00000000343,103756.41511373347,103964.8782014108,103621.0,117666.1822897122
2012-03-13 04:45:00,102407,102407.0,108233.0,102407.00000000028,104413.31447058528,103964.8782014108,104470.25,117851.52767731539
2012-03-13 05:00:00,102407,102407.0,107626.0,102407.00000000004,103156.52249525537,103964.8782014108,103286.75,118103.68333497926
2012-03-13 05:15:00,102407,102407.0,110539.0,102407.0,103443.49673968654,103964.8782014108,105926.75,118244.87103748198
2012-03-13 05:30:00,102407,102407.0,110661.0,102407.0,103467.43158040648,103964.8782014108,104683.25,118438.0301324919
2012-03-13 05:45:00,102407,102407.0,110903.0,102407.0,103993.38194354318,103964.8782014108,104045.25,118664.90562185773
2012-03-13 06:00:00,102407,102407.0,105199.0,102407.0,104816.20588576984,103964.8782014108,97673.75,118928.59780172634
2012-03-13 06:15:00,102407,102407.0,107626.0,102407.0,104185.28155133595,103964.8782014108,100707.5,119386.40668222227
2012-03-13 06:30:00,102407,102407.0,107141.0,102407.0,105010.49202060822,103964.8782014108,100950.75,119848.95329798055
2012-03-13 06:45:00,102407,102407.0,109325.0,102407.0,104450.92610348824,103964.8782014108,104014.75,120303.79595708074
2012-03-13 07:00:00,102407,102407.0,103621.0,102407.0,101119.47913985234,103964.8782014108,98705.25,120697.75980013706
2012-03-13 07:15:00,102407,102407.0,104228.0,102407.0,100735.99797962623,103964.8782014108,99706.75,121069.07444122204
2012-03-13 07:30:00,102407,102407.0,103864.0,102407.0,101234.95070907207,103964.8782014108,100192.25,121411.34700349507
2012-03-13 07:45:00,102407,102407.0,103742.0,102407.0,102412.02604708515,103964.8782014108,100889.5,121647.83802798277
2012-03-13 08:00:00,110175,102407.0,107748.0,102407.0,102519.45236952242,103964.8782014108,106291.25,121712.42517024116
2012-03-13 08:15:00,109811,104349.0,107748.0,104182.80093023255,105308.63081413596,105678.47384788377,107201.5,121757.65413344359
2012-03-13 08:30:00,109932,106200.0,108233.0,106027.36528891293,106315.51920637222,107301.38964844057,108657.5,121796.80103850404
2012-03-13 08:45:00,110296,108081.25,105927.0,107905.47568053953,108188.34414279004,108835.50211990328,107140.5,121907.35187384405
2012-03-13 09:00:00,126075,110053.5,118550.0,109869.66908149734,109644.06627406858,110352.33281365107,121189.5,122204.05389225045
2012-03-13 09:15:00,131779,114028.5,116972.0,113672.58144697467,114216.08807983973,113942.0750397918,120886.0,122546.31229895273
2012-03-13 09:30:00,139183,119520.5,119035.0,119043.7133897694,120218.06986925087,118754.09686063704,126135.0,122950.85979407848
2012-03-13 09:45:00,137241,126833.25,120613.0,126213.07050326368,126485.06479164175,124932.8778433972,132325.25,123481.34326965858
2012-03-13 10:00:00,136391,133569.5,134935.0,132982.48434658052,132879.62347261552,130312.03474949472,149712.0,124126.7582621288
2012-03-13 10:15:00,133721,136148.5,136998.0,135917.37056419658,132865.03667327124,132451.79996334936,150257.75,124879.95701420461
2012-03-13 10:30:00,131294,136634.0,137726.0,136581.73413931267,132483.95700747258,132748.76434935778,146464.75,125644.4436665556
2012-03-13 10:45:00,132993,134661.75,135056.0,134804.7171479076,132571.8814959466,131153.67829566408,137149.75,126332.69060173321
2012-03-13 11:00:00,135542,133599.75,139790.0,133689.75600563726,135360.13823267494,130269.8506589391,137211.0,126949.83961149825
2012-03-13 11:15:00,135056,133387.5,138940.0,133410.64240126213,137955.71546534056,130190.46605958244,134935.0,127481.66502176336
2012-03-13 11:30:00,136513,133721.25,137969.0,133698.18302164786,139571.4466654805,130500.10901548337,133812.25,128017.78703646682
2012-03-13 11:45:00,132750,135026.0,126681.0,134927.64890520807,139352.93112701233,131537.34371299553,123768.25,128621.25970364873
2012-03-13 12:00:00,131779,134965.25,135299.0,134963.52668836902,132796.56603951994,131430.65984363575,134419.25,129179.58600864402
2012-03-13 12:15:00,130565,134024.5,138212.0,134095.03663440552,131561.92878061667,130620.49495506109,137514.25,129634.5910333082
2012-03-13 12:30:00,137241,132901.75,137119.0,132991.11960947813,129810.92259564856,129644.68607989207,135480.5,129963.78798381727
2012-03-13 12:45:00,145008,133083.75,138576.0,133077.8720344923,131242.51954054323,129947.61036369545,137332.0,130172.48544226245
2012-03-13 13:00:00,145130,136148.25,130201.0,135920.7491713967,136447.35119563536,132655.33135224128,129047.75,130401.68609779561
2012-03-13 13:15:00,143552,139486.0,136513.0,139221.92270025346,140150.364451689,135508.11321185742,139972.0,130782.53247874418
2012-03-13 13:30:00,138212,142732.75,137241.0,142472.70383837927,142516.07224622008,138037.93783790962,144371.5,131184.52345792175
2012-03-13 13:45:00,138333,142975.5,133842.0,142938.25800523808,143475.7018862421,138086.64416969256,141184.75,131521.28574742939
2012-03-13 14:00:00,125104,141306.75,138819.0,141427.59541852752,142736.83312614026,136717.32628483325,145676.5,131778.4544268478
2012-03-13 14:15:00,126924,136300.25,133357.0,136680.03128274446,137296.84978068605,132434.08642455094,133053.5,131848.25088438485
2012-03-13 14:30:00,122555,132143.25,136148.0,132479.28833454745,132751.05325665226,128924.26272992855,132476.5,131874.26769814818
2012-03-13 14:45:00,121705,128229.0,128259.0,128543.81786850074,128332.09081725,125628.7287480366,120946.5,131895.9351135655
2012-03-13 15:00:00,102529,124072.0,144159.0,124403.22650956221,124424.59397670205,122328.3899180838,134085.25,131939.081002026
2012-03-13 15:15:00,102529,118428.25,143431.0,118870.81512053385,119669.48162168797,117240.95392443822,126378.5,131974.86128919374
2012-03-13 15:30:00,102650,112329.5,142217.0,112814.01368974187,113663.92935896524,112045.20348938994,116547.25,132012.63288852852
2012-03-13 15:45:00,103014,107353.25,145858.0,107757.72749655414,108312.50989142133,107949.64697286197,113694.75,132060.11737892256
2012-03-13 16:00:00,104107,102680.5,151077.0,103056.5690599192,104948.05695082534,104384.05933082424,109841.25,132147.0738304116
2012-03-13 16:15:00,103864,103075.0,150349.0,103073.63482455448,104921.34976296393,104547.11021960985,107778.25,132219.95749476846
2012-03-13 16:30:00,105442,103408.75,153262.0,103383.92809688851,105351.86394010963,104830.6542476272,109295.5,132425.51915180314
2012-03-13 16:45:00,108355,104106.75,154961.0,104053.21074973467,106059.10844245156,105419.5163263662,108931.25,132742.25051035447
2012-03-13 17:00:00,106534,105442.0,154597.0,105339.13270320707,105841.40105322939,106570.78145716613,107626.75,133173.6284559218
2012-03-13 17:15:00,107262,106048.75,150227.0,105996.18881185383,106745.89926223164,107094.18451880265,102983.5,133740.32659487956
2012-03-13 17:30:00,108961,106898.25,150834.0,106831.4345375757,107274.75806525633,107749.94227762174,104470.5,134312.35001264955
2012-03-13 17:45:00,108961,107778.0,148650.0,107707.88811632973,110060.59543511724,108483.94167461144,103773.25,134763.9056088915
2012-03-13 18:00:00,102407,107929.5,154475.0,107913.0852593142,114979.95885029798,108684.98146476068,111327.5,135101.79484712574
2012-03-13 18:15:00,102407,106897.75,156660.0,106972.95564653294,111498.46371418996,107708.11897062084,112511.25,135204.76456387233
2012-03-13 18:30:00,102407,105684.0,157995.0,105779.47264498156,107086.75719651015,106602.68000531988,111024.25,135130.5232791668
2012-03-13 18:45:00,102407,104045.5,157510.0,104173.93495056436,103666.80184564024,105279.68302078264,107110.5,134987.22805946838
2012-03-13 19:00:00,102407,102407.0,150349.0,102537.8764608732,101424.06547288926,104027.28609456302,96096.0,134632.56522680866
2012-03-13 19:15:00,102407,102407.0,152776.0,102416.69398902047,101245.92266839744,103964.8782014108,99554.5,134193.8853184295
2012-03-13 19:30:00,102407,102407.0,150834.0,102407.71803151233,100482.59017613274,103964.8782014108,98583.5,133396.79608088275
2012-03-13 19:45:00,102407,102407.0,150713.0,102407.05318442716,99886.03874684224,103964.8782014108,100252.75,132408.23482971426
2012-03-13 20:00:00,105077,102407.0,160423.0,102407.00393935817,97496.33097046334,103964.8782014108,111662.0,131256.0303345859
2012-03-13 20:15:00,103621,103074.5,161515.0,103025.05872201992,98026.95020253863,104553.87155569543,110903.0,129957.51796019096
2012-03-13 20:30:00,104471,103378.0,153383.0,103351.85772161938,98496.69316625188,104818.10733159416,100889.75,128711.71330248074
2012-03-13 20:45:00,103014,103894.0,153747.0,103853.84364751996,102101.08151374264,105231.93132995353,101132.5,127233.1544755668
2012-03-13 21:00:00,106655,104045.75,141246.0,104031.53554110117,99741.69736775386,105309.59682853466,88024.75,125690.56019049443
2012-03-13 21:15:00,107262,104440.25,135177.0,104409.97661507924,101931.69589568688,105714.20610503276,87144.5,124137.63634002606
2012-03-13 21:30:00,105320,105350.5,135906.0,105280.83565160527,103230.96865190653,106497.28806970386,95368.25,122595.96793938981
2012-03-13 21:45:00,106777,105562.75,137605.0,105541.86866977588,104157.81098049165,106675.62071885027,101648.75,121117.25469210152
2012-03-13 22:00:00,105684,106503.5,136391.0,106432.27219100551,103585.42140826849,107377.1360331381,105411.0,119731.94331051223
2012-03-13 22:15:00,104471,106260.75,132750.0,106273.4546087989,103750.70689710336,107209.33908409528,102741.0,118456.90377292855
2012-03-13 22:30:00,104228,105563.0,127531.0,105615.62320765172,103134.42614914084,106634.4970077992,97431.0,117295.08095134846
2012-03-13 22:45:00,103985,105290.0,129109.0,105314.11883526444,104640.80992253048,106351.52200024076,100829.75,116398.51841720902
2012-03-13 23:00:00,106898,104592.0,130080.0,104645.48717419343,103714.58887051627,105801.79867082322,103226.75,115625.80349262261
2012-03-13 23:15:00,107262,104895.5,123769.0,104876.98160813504,103685.68907156447,106099.26621591693,98797.0,114933.26991097194
2012-03-13 23:30:00,107505,105593.25,121463.0,105540.19616678859,104588.03362606233,106710.6313409835,99434.0,114368.30062058527
2012-03-13 23:45:00,105320,106412.5,114544.0,106347.88865793539,105257.18605015466,107390.510184249,94851.25,113938.1998643885
2012-03-14 00:00:00,108476,106746.25,114787.0,106716.74346803543,106644.63315198538,107590.49060788324,99069.25,113612.03949110133
2012-03-14 00:15:00,106777,107140.75,113695.0,107109.34393478355,106093.98575514858,107954.55683537236,102195.0,113314.99985576984
2012-03-14 00:30:00,105563,107019.5,112724.0,107026.15471935547,106352.16090293527,107875.18891057883,103621.25,113077.14519369813
2012-03-14 00:45:00,105077,106534.0,109083.0,106570.45378560807,105905.03137470725,107464.50960424432,101679.5,112868.70738891167
2012-03-14 01:00:00,102407,106473.25,102407.0,106480.44986179443,105271.5652029284,107326.23293279033,96308.0,112686.42816323988
2012-03-14 01:15:00,102407,104956.0,102407.0,105068.91564673989,104517.10178120829,106088.01487274244,97885.75,112617.18815136881
2012-03-14 01:30:00,102407,103863.5,102407.0,103952.7848566248,103551.78229050283,105155.12607496399,99615.25,112529.17335762916
2012-03-14 01:45:00,102407,103074.5,102407.0,103139.55435507793,102884.40969029086,104505.13744825164,101405.5,112419.69941033267
2012-03-14 02:00:00,102407,102407.0,102407.0,102461.26013071917,102135.91610186824,103990.30222867912,102407.0,112283.54353362074
2012-03-14 02:15:00,102407,102407.0,102407.0,102411.01903526373,102218.32769199123,103964.8782014108,102407.0,112101.47415966119
2012-03-14 02:30:00,102407,102407.0,102407.0,102407.29768900732,102994.9950386828,103964.8782014108,102407.0,111907.29403238631
2012-03-14 02:45:00,102407,102407.0,102407.0,102407.02204975557,103093.64320137774,103964.8782014108,102407.0,111701.37772106825
2012-03-14 03:00:00,102407,102407.0,102407.0,102407.00163322025,103149.06064374156,103964.8782014108,102407.0,111506.1698956941
2012-03-14 03:15:00,102407,102407.0,102407.0,102407.00012097224,102460.17960944063,103964.8782014108,102407.0,111186.47454457048
2012-03-14 03:30:00,102407,102407.0,102407.0,102407.00000896039,102572.25897000512,103964.8782014108,102407.0,110899.00158121594
2012-03-14 03:45:00,102407,102407.0,102407.0,102407.0000006637,102398.80106521912,103964.8782014108,102407.0,110654.08129428043
2012-03-14 04:00:00,103014,102407.0,102407.0,102407.00000004916,104097.2283395376,103964.8782014108,102407.0,110452.52984951156
2012-03-14 04:15:00,103621,102558.75,102407.0,102547.50991279434,103818.4249290017,104098.78043588674,102558.75,110491.05091713957
2012-03-14 04:30:00,102893,102862.25,102407.0,102838.93727493603,104200.22590298732,104365.77359521943,102862.25,110586.75396724387
2012-03-14 04:45:00,103257,102983.75,102407.0,102973.0237551319,104932.94480643196,104462.29803781844,102983.75,110761.36808672886
2012-03-14 05:00:00,105077,103196.25,102407.0,103179.7156839557,103972.96044726492,104622.99280162777,103196.25,110989.92511969373
2012-03-14 05:15:00,104835,103712.0,102407.0,103672.57382449764,104715.63753768387,105077.30869758684,103712.0,111227.43495963073
2012-03-14 05:30:00,105563,104015.5,102407.0,103990.09953793082,105023.19234154088,105364.0208754566,104015.5,111531.1572362501
2012-03-14 05:45:00,108233,104683.0,102407.0,104631.67702391418,106117.27653201947,105906.05818870147,104683.0,111895.14108024196
2012-03-14 06:00:00,104713,105927.0,102407.0,105831.05572839922,108033.71060213775,106956.47314982169,105927.0,112303.2131532172
2012-03-14 06:15:00,106413,105836.0,102407.0,105835.63377895237,107636.16346059322,106885.23574170943,105836.0,112643.24634042053
2012-03-14 06:30:00,105927,106230.5,102407.0,106201.25235083637,108600.49119502812,107170.82239091801,106230.5,113000.35692939947
2012-03-14 06:45:00,106898,106321.5,102407.0,106312.59328459103,108649.03759124657,107236.08922403806,106321.5,113348.0807795849
2012-03-14 07:00:00,106777,105987.75,102407.0,106011.8110665447,104938.06851993533,107028.52269034467,105987.75,113713.77796623224
2012-03-14 07:15:00,108840,106503.75,102407.0,106467.31219760336,104828.13253107463,107383.27523852533,106503.75,114213.60736756859
2012-03-14 07:30:00,108476,107110.5,102407.0,107062.85922905504,105793.82320591988,107896.16868030184,107110.5,114690.25875401072
2012-03-14 07:45:00,108112,107747.75,102407.0,107697.02029987302,107272.60896142127,108376.47981889524,107747.75,115152.54946432961
2012-03-14 08:00:00,107990,108051.25,110175.0,108025.0122884906,108356.35725029706,108640.0833426567,115819.25,115587.1055687792
2012-03-14 08:15:00,108355,108354.5,109811.0,108330.09492183353,109383.4471035034,108849.00824208473,113816.5,116014.24134875012
2012-03-14 08:30:00,110296,108233.25,109932.0,108240.42328083812,108553.12631241624,108780.99909072826,111965.25,116310.17282597613
2012-03-14 08:45:00,110418,108688.25,110296.0,108655.07957905742,108915.48454056733,109187.4595799239,110903.0,116609.53167877447
2012-03-14 09:00:00,110054,109264.75,126075.0,109219.59185370461,109400.65837620568,109684.91512858904,125286.25,116908.96937711154
2012-03-14 09:15:00,110054,109780.75,131779.0,109739.1851466058,110352.09633097817,110093.19914067189,127531.25,117224.12219986199
2012-03-14 09:30:00,113331,110205.5,139183.0,110170.9601672544,111769.63853090732,110409.28733685336,129868.0,117669.88030228765
2012-03-14 09:45:00,112724,110964.25,137241.0,110905.49120657453,111168.4899636422,111094.84511687266,121372.0,118129.00663580828
2012-03-14 10:00:00,112481,111540.75,136391.0,111493.69652890557,111341.07193647668,111609.9293049303,114362.25,118599.39546060949
2012-03-14 10:15:00,110782,112147.5,133721.0,112099.07292894337,108645.03913997447,112084.81124943179,109720.0,119085.44852206492
2012-03-14 10:30:00,110661,112329.5,131294.0,112312.43232043453,107706.63439717217,112157.09959900637,106989.5,119567.60539656211
2012-03-14 10:45:00,109690,111662.0,132993.0,111710.17737071127,109496.46395389397,111629.89301398944,109993.25,120033.80293780335
2012-03-14 11:00:00,106777,110903.5,135542.0,110963.2504052492,112630.23933681047,110994.64554802136,112845.75,120434.58673210574
2012-03-14 11:15:00,107748,109477.5,135056.0,109587.54918699346,114071.43340868044,109797.86269148819,111146.0,120785.73474825779
2012-03-14 11:30:00,109204,108719.0,136513.0,108783.33323629244,114650.56511355125,109136.82357055332,111510.75,121092.33350885988
2012-03-14 11:45:00,107141,108354.75,132750.0,108386.49506064168,112741.01772127749,108891.58679978797,106078.75,121279.59399284127
2012-03-14 12:00:00,108355,107717.5,131779.0,107767.05230856148,105712.29211528203,108394.51647422524,104531.25,121443.85561806044
2012-03-14 12:15:00,110175,108112.0,130565.0,108086.44980471555,105490.47954606697,108657.91313216099,104652.5,121526.57149779939
2012-03-14 12:30:00,110175,108718.75,137241.0,108671.91567158184,105786.20136435312,109187.82499424994,113058.0,121531.05145851945
2012-03-14 12:45:00,113452,108961.5,145008.0,108940.05055613926,107154.3109729135,109456.23985193645,120885.75,121434.45028211463
2012-03-14 13:00:00,107141,110539.25,145130.0,110420.7976691001,111108.80700940233,110749.30588794856,119521.0,121284.57389488509
2012-03-14 13:15:00,107626,110235.75,143552.0,110249.45643781591,111397.61514515543,110442.30917870381,114301.75,121059.1093768789
2012-03-14 13:30:00,105684,109598.5,138212.0,109646.71619196383,109554.52364887824,109853.97598007084,105077.75,120739.77651632884
2012-03-14 13:45:00,104471,108475.75,138333.0,108562.48319352104,109080.41673392264,108875.84418012251,103833.25,120458.43289773115
2012-03-14 14:00:00,102407,106230.5,125104.0,106403.22945282244,107671.57267714472,107126.01837333641,90027.75,120019.76184428144
2012-03-14 14:15:00,102407,105047.0,126924.0,105147.45560016835,106001.23955238676,106042.60631732484,95670.75,119572.90063522905
2012-03-14 14:30:00,102407,103742.25,122555.0,103846.33325201248,104748.79273417307,104984.06089577149,94154.0,119137.94108558568
2012-03-14 14:45:00,102407,102923.0,121705.0,102991.39107924789,103671.53918001936,104316.10856314463,96399.0,118738.71527630447
2012-03-14 15:00:00,109204,102407.0,102529.0,102450.285711335,100551.651735359,103913.21538683072,80864.0,118479.82398763446
2012-03-14 15:15:00,111753,104106.25,102529.0,103983.59311024657,104343.32776942402,105376.97260340606,88207.0,118325.99227104965
2012-03-14 15:30:00,109568,106442.75,102650.0,106260.60082107293,107031.43074875195,107417.56266383703,96763.25,118324.03795382113
2012-03-14 15:45:00,110661,108233.0,103014.0,108086.90485151435,108651.60070731043,108874.26462822167,103893.75,118440.28804404773
2012-03-14 16:00:00,115879,110296.5,104107.0,110132.835801211,112080.0253618534,110438.06576699382,111723.0,118720.22584887971
2012-03-14 16:15:00,116244,111965.25,103864.0,111829.52350643852,113687.57212678956,111926.65611445863,112754.25,119103.69033855696
2012-03-14 16:30:00,111025,113088.0,105442.0,112994.78493879086,114934.19710655975,112980.29953381512,115121.25,119593.07319698078
2012-03-14 16:45:00,113695,113452.25,108355.0,113418.36566930346,115489.20157754207,113161.17816720465,117700.5,120161.41837032381
2012-03-14 17:00:00,102529,114210.75,106534.0,114152.05827690072,114605.36055614092,113677.44646457805,115302.75,120792.96478121185
2012-03-14 17:15:00,102529,110873.25,107262.0,111116.11056655648,111868.53554683423,110885.72027584836,112086.5,121261.70845391025
2012-03-14 17:30:00,103014,107444.5,108961.0,107716.45534080193,108253.50702740913,108006.6845891106,109507.25,121652.21677497114
2012-03-14 17:45:00,103014,105441.75,108961.0,105610.23689559195,107812.91877709024,106299.80072488313,106624.75,121866.15858747908
2012-03-14 18:00:00,109690,102771.5,102407.0,102981.76458168511,109462.00078384543,104322.15170865881,97249.0,121972.32345214918
2012-03-14 18:15:00,108961,104561.75,102407.0,104444.72084750391,109133.56839157906,105763.0411285456,100071.0,122130.14408307998
2012-03-14 18:30:00,109083,106169.75,102407.0,106041.97749184418,107464.53738266585,107152.63621537325,102892.75,122199.64289836
2012-03-14 18:45:00,108719,107687.0,102407.0,107565.15356538427,107294.29936494182,108378.47432320149,106048.5,122037.7792889481
2012-03-14 19:00:00,116486,109113.25,102407.0,108998.58285711044,107986.41921667254,109440.1120932002,109113.25,121705.29919514009
2012-03-14 19:15:00,116729,110812.25,102407.0,110677.91209650922,109962.9142917194,111014.23626457716,110812.25,121219.35265211355
2012-03-14 19:30:00,115758,112754.25,102407.0,112600.45613435774,110789.2754559647,112704.35299534455,112754.25,120584.94726358535
2012-03-14 19:45:00,112117,114423.0,102407.0,114288.00459971928,112014.50913766758,114052.06140805535,114423.0,120001.73296231535
2012-03-14 20:00:00,117093,115272.5,105077.0,115199.5786546536,109860.90361718077,114558.58585389241,117942.5,119151.88538947687
2012-03-14 20:15:00,119156,115424.25,103621.0,115407.60864569935,109932.83561230537,114781.14752135359,115970.75,118179.47253809652
2012-03-14 20:30:00,119035,116031.0,104471.0,115984.82554736167,110520.67289724817,115398.95003911346,117124.0,117072.93897242965
2012-03-14 20:45:00,116972,116850.25,103014.0,116786.14821205456,114617.19082042301,116132.9024559146,115970.25,115888.82376114596
2012-03-14 21:00:00,110175,118064.0,106655.0,117969.34981524172,113003.95850268149,116976.855058465,120673.25,114773.93957851324
2012-03-14 21:15:00,110054,116334.5,107262.0,116455.5929456173,113038.98706018193,115458.66298151498,119156.25,113312.38235001428
2012-03-14 21:30:00,111025,114059.0,105320.0,114236.51508213466,112395.66923664254,113529.04078499875,114028.5,111818.88900446768
2012-03-14 21:45:00,110418,112056.5,106777.0,112217.97321015346,111081.88626718087,111945.6901555993,113270.75,110321.12210377623
2012-03-14 22:00:00,111874,110418.0,105684.0,110551.32359707766,108627.83915721004,110693.79653017744,109598.5,108860.69870881195
2012-03-14 22:15:00,108961,110842.75,104471.0,110822.02559561301,108738.91689767787,110982.66105692842,109053.0,107764.10640842892
2012-03-14 22:30:00,109083,110569.5,104228.0,110589.00218390944,108061.98785024398,110723.23296077516,109234.5,106780.36002303024
2012-03-14 22:45:00,109204,110084.0,103985.0,110122.20306608905,109244.57444276109,110304.53446226877,108779.0,105907.47119294711
2012-03-14 23:00:00,104592,109780.5,106898.0,109806.60753840863,108902.61965393877,110036.11420050662,112086.5,105153.76969515288
2012-03-14 23:15:00,104349,107960.0,107262.0,108096.71398119169,106961.17750500736,108543.82366602562,110326.5,104533.0314243142
2012-03-14 23:30:00,104713,106807.0,107505.0,106902.5288146534,106015.95128422095,107501.32748807149,108718.75,103982.7545592716
2012-03-14 23:45:00,104107,105714.5,105320.0,105802.49701801561,103846.11787264008,106617.10456742543,104622.0,103540.55614051028
2012-03-15 00:00:00,106534,104440.25,108476.0,104541.15131982278,105488.74428169453,105644.08719786619,106170.0,103179.50480452877
2012-03-15 00:15:00,104835,104925.75,106777.0,104897.2628652008,104950.28085201544,106021.98053737688,104562.0,102731.6619838056
2012-03-15 00:30:00,103864,105047.25,105563.0,105036.14048780613,104139.25012840197,106123.93050662734,103590.75,102375.62203304523
2012-03-15 00:45:00,103500,104835.0,105077.0,104849.89842915494,104089.46978061543,105922.07539759976,103378.0,102067.2988905819
2012-03-15 01:00:00,103864,104683.25,102407.0,104695.59361039207,102922.42864143982,105738.7967945534,100617.0,101786.80695289481
2012-03-15 01:15:00,103742,104015.75,102407.0,104066.10585811855,103238.2135363451,105246.06865619887,101466.75,101704.32493336656
2012-03-15 01:30:00,103014,103742.5,102407.0,103766.46941065368,103489.82188997584,105023.79293075447,102286.0,101628.44592357788
2012-03-15 01:45:00,103136,103530.0,102407.0,103547.51523425424,103344.0677794918,104832.93666088175,102862.5,101525.71789979418
2012-03-15 02:00:00,103378,103439.0,102407.0,103447.03769816509,103126.22294570427,104741.00071414457,103439.0,101385.09369959199
2012-03-15 02:15:00,103378,103317.5,102407.0,103327.09482717805,103107.2408943288,104653.6624547767,103317.5,101221.78484204206
2012-03-15 02:30:00,102771,103226.5,102407.0,103233.95103545493,103783.82587208047,104592.29190577156,103226.5,100783.41809948046
2012-03-15 02:45:00,102771,103165.75,102407.0,103170.80163483543,103859.08845564212,104524.19887602117,103165.75,100319.46185258092
2012-03-15 03:00:00,103014,103074.5,102407.0,103081.58264325028,103831.02504447433,104438.73548862504,103074.5,99874.40650311431
2012-03-15 03:15:00,103136,102983.5,102407.0,102990.71829498243,103092.63958928149,104371.31198382952,102983.5,99469.47016610316
2012-03-15 03:30:00,102893,102923.0,102407.0,102927.96921476774,103087.9569708226,104336.23745072867,102923.0,99366.7749959515
2012-03-15 03:45:00,103136,102953.5,102407.0,102951.56227708203,102938.78335557831,104352.70680200352,102953.5,99285.09080901262
2012-03-15 04:00:00,103136,103044.75,103014.0,103037.85133988806,104589.1897970526,104423.44262492543,103651.75,99242.73207650908
2012-03-15 04:15:00,103257,103075.25,103621.0,103072.47988994287,104378.63272371225,104452.82317966402,104137.5,99221.92428045091
2012-03-15 04:30:00,103864,103105.5,102893.0,103103.05420812717,104468.77720013396,104483.8431089353,103136.25,99170.72661580668
2012-03-15 04:45:00,104228,103348.25,103257.0,103330.08840471825,105256.49975301496,104686.31005700567,103621.5,99218.07962807114
2012-03-15 05:00:00,103257,103621.25,105077.0,103599.68372834947,104521.28033824595,104925.39702131745,105502.0,99339.83237000922
2012-03-15 05:15:00,105199,103651.5,104835.0,103647.66198080912,104702.05595539187,104938.59133041832,104774.5,99525.93647166251
2012-03-15 05:30:00,104713,104137.0,105563.0,104100.75484671806,105133.65029029002,105340.82041063881,105684.5,99856.5677917276
2012-03-15 05:45:00,104349,104349.25,108233.0,104330.84402178598,105870.08855054242,105536.82625551296,107899.25,100258.8286914794
2012-03-15 06:00:00,104228,104379.5,104713.0,104375.89606300904,106621.05029855773,105565.04688217523,103165.5,100706.37983496046
2012-03-15 06:15:00,104471,104622.25,106413.0,104604.00262117868,106438.2497609578,105717.73404798703,105199.25,100982.27280245662
2012-03-15 06:30:00,104713,104440.25,105927.0,104452.37911856869,106769.07036070846,105598.95686492784,104136.75,101271.83230431672
2012-03-15 06:45:00,103985,104440.25,106898.0,104441.14840099166,106503.64603027221,105606.46546632652,105016.75,101550.10232070758
2012-03-15 07:00:00,105563,104349.25,106777.0,104356.05689318973,103638.08716423002,105522.7983834762,105138.5,101822.55769262672
2012-03-15 07:15:00,106534,104683.0,108840.0,104658.78340011183,103232.56008809233,105802.45349408693,107019.25,102194.8493265368
2012-03-15 07:30:00,109932,105198.75,108476.0,105158.7547995199,103925.38891390944,106259.78347338382,106564.25,102550.49388684868
2012-03-15 07:45:00,108112,106503.5,108112.0,106403.89503573187,106168.13801800046,107398.97025688124,106867.75,102919.2999070225
2012-03-15 08:00:00,106898,107535.25,107990.0,107450.74990933474,107785.83416657124,108230.58544034886,107474.0,103279.55526704843
2012-03-15 08:15:00,105806,107869.0,108355.0,107837.3713363596,108799.87915544944,108456.8661122475,107869.5,103734.46196472566
2012-03-15 08:30:00,107990,107687.0,110296.0,107696.75024888283,108100.15118972523,108236.9559028421,109749.75,104168.48316200908
2012-03-15 08:45:00,110054,107201.5,110418.0,107236.8500683504,107474.74118074436,107920.99179246444,108931.25,104390.40578436336
2012-03-15 09:00:00,113816,107687.0,110054.0,107653.02538840658,108010.75369606844,108405.96589443914,108476.25,104598.28905112938
2012-03-15 09:15:00,114909,109416.5,110054.0,109285.19581991207,109574.2933983673,109951.60203054006,109689.75,104835.51351600746
2012-03-15 09:30:00,114302,111692.25,113331.0,111514.01477528232,112621.88958012902,111903.89827923724,114817.75,105117.36492683511
2012-03-15 09:45:00,114302,113270.25,112724.0,113140.16606533196,113104.39153374231,113278.62592474795,115030.0,105603.00225834073
2012-03-15 10:00:00,117215,114332.25,112481.0,114243.95262018795,113829.91446598887,114096.7092336934,115272.5,106114.39750502333
2012-03-15 10:15:00,113209,115182.0,110782.0,115112.51904872787,111812.22679450152,114854.07499926178,113816.5,106603.37595815297
2012-03-15 10:30:00,118186,114757.0,110661.0,114783.33321326046,110223.28220093806,114513.89447284912,113088.5,107062.28452282783
2012-03-15 10:45:00,117579,115728.0,109690.0,115658.02875079615,113221.10473204186,115306.56516661675,113756.0,107512.0809661212
2012-03-15 11:00:00,113695,116547.25,106777.0,116481.38558886712,117625.98195552676,115997.28563578195,112420.75,107931.22761727516
2012-03-15 11:15:00,111753,115667.25,107748.0,115727.55283373351,119952.28636355876,115302.17054658668,113937.75,108311.75081827988
2012-03-15 11:30:00,112238,115303.25,109204.0,115334.67801221956,121178.48858901512,114804.31494652494,115788.25,108658.42720287199
2012-03-15 11:45:00,114180,113816.25,107141.0,113928.7196097423,118220.81735836007,113641.99340406527,112602.5,108897.79894911798
2012-03-15 12:00:00,114180,112966.5,108355.0,113037.7713827216,111819.20875684636,113041.3229476142,113604.0,109071.80568211882
2012-03-15 12:15:00,114909,113087.75,110175.0,113084.04809544113,110785.89953789803,113155.32359236375,115150.75,109181.91912334971
2012-03-15 12:30:00,115515,113876.75,110175.0,113818.03475427859,111037.22803511113,113776.5052737231,115333.0,109175.43058518783
2012-03-15 12:45:00,118064,114696.0,113452.0,114630.96931842738,112966.48184173473,114437.57982338137,119186.5,109144.9133724582
2012-03-15 13:00:00,113331,115667.0,107141.0,115590.26144835328,116002.43691033554,115292.35082837574,112268.75,109048.72111542255
2012-03-15 13:15:00,112967,115454.75,107626.0,115464.78730146526,116597.3816266443,115076.56463651461,112845.0,108883.40505543351
2012-03-15 13:30:00,110418,114969.25,105684.0,115005.9543326783,114909.60455873785,114603.08257950113,111054.75,108710.48490187117
2012-03-15 13:45:00,108961,113695.0,104471.0,113792.1020825484,114289.6075243666,113499.31916933125,109690.25,108438.7178163565
2012-03-15 14:00:00,112724,111419.25,102407.0,111595.0066019283,112697.09229554315,111690.7639339242,107595.75,108096.95745305448
2012-03-15 14:15:00,111632,111267.5,102407.0,111291.75833784053,112066.818941165,111558.93647260749,108627.5,107747.1881514875
2012-03-15 14:30:00,113209,110933.75,102407.0,110960.2675943261,111305.67006455523,111363.19993149016,109598.5,107355.84201034595
2012-03-15 14:45:00,115151,111631.5,102407.0,111581.78197181226,111336.35303938962,111927.09245363236,111115.5,107062.32016298105
2012-03-15 15:00:00,114544,113179.0,109204.0,113060.6944320982,113097.15068899926,113164.88235904586,119976.0,106881.683513639
2012-03-15 15:15:00,113088,113634.0,111753.0,113591.5353899124,114704.76377776788,113608.878338806,121280.75,106795.8756455706
2012-03-15 15:30:00,115151,113998.0,109568.0,113967.89326085748,115026.11832990605,113836.72154293985,117123.25,106856.23296589329
2012-03-15 15:45:00,114423,114483.5,110661.0,114445.30912874025,115209.04832691373,114228.3094321083,116911.5,107013.00075047766
2012-03-15 16:00:00,113695,114301.5,115879.0,114312.15190872182,116317.1949665942,114131.73596613607,119884.0,107273.59118367867
2012-03-15 16:15:00,117336,114089.25,116244.0,114105.76029254137,115937.3588755425,113950.9027914378,118368.0,107625.64203543078
2012-03-15 16:30:00,113573,115151.25,111025.0,115073.81082050568,116833.55599341846,114810.39158371018,113088.25,108083.31541109119
2012-03-15 16:45:00,113938,114756.75,113695.0,114780.23462123977,116896.97193899535,114522.2804158259,114999.5,108598.87975817497
2012-03-15 17:00:00,112845,114635.5,102529.0,114646.220459736,114821.44603240905,114372.68798514851,102953.75,109162.36862546069
2012-03-15 17:15:00,111025,114423.0,102529.0,114439.53388754092,115263.1312099981,114131.53284305552,106078.75,109697.46616102787
2012-03-15 17:30:00,112117,112845.25,103014.0,112962.52236520634,113824.60097683464,112902.2882008543,108414.75,110218.07789436383
2012-03-15 17:45:00,116244,112481.25,103014.0,112516.14229200516,114880.42392561745,112551.41680092778,110053.5,110693.42665608648
2012-03-15 18:00:00,112967,113057.75,109690.0,113016.8778028622,119705.95776290279,113118.48232552414,119976.25,111104.35485311617
2012-03-15 18:15:00,116486,113088.25,108961.0,113082.20803779432,117831.08911857835,113170.27986769195,117487.5,111476.90151512904
2012-03-15 18:30:00,118307,114453.5,109083.0,114351.98915468273,115792.7571310494,114241.79469167485,117366.75,111747.67355385557
2012-03-15 18:45:00,119521,116001.0,108719.0,115879.50340695649,115419.93126183025,115530.73210213744,117033.0,111844.80161200662
2012-03-15 19:00:00,120127,116820.25,116486.0,116751.16658139028,115817.43126820578,116329.79228300053,124193.0,111805.57791889676
2012-03-15 19:15:00,121948,118610.25,116729.0,118473.40932943065,117550.0961111308,117720.44248788609,124527.0,111608.50823544439
2012-03-15 19:30:00,121341,119975.75,115758.0,119865.31364642127,117862.99554936033,118874.00260969752,122979.5,111242.05928711747
2012-03-15 19:45:00,119642,120734.25,112117.0,120670.0845000992,118237.66989598188,119508.53518973553,118428.25,110815.0180472025
2012-03-15 20:00:00,119642,120764.5,117093.0,120757.75087362953,116345.58491422812,119501.10949158101,122585.0,110370.921535595
2012-03-15 20:15:00,119885,120643.25,119156.0,120651.71151768835,115681.8231547628,119357.56642004232,124375.0,109800.32647970847
2012-03-15 20:30:00,120734,120127.5,119035.0,120166.32822520555,114944.43847171945,118972.78762916145,123131.5,109096.94614477412
2012-03-15 20:45:00,120249,119975.75,116972.0,119989.86608482047,117730.89171338546,118884.48634979293,120097.5,108253.20474895164
2012-03-15 21:00:00,120127,120127.5,110175.0,120117.30548791055,115372.8029408078,118994.66299122723,112238.5,107182.3948999803
2012-03-15 21:15:00,114544,120248.75,110054.0,120239.01393555805,117621.33255174107,119079.59620287087,113968.25,106236.55016490637
2012-03-15 21:30:00,117093,118913.5,111025.0,119011.68050894773,117046.32681304908,117902.08399416492,115879.5,105276.27859155524
2012-03-15 21:45:00,117336,118003.25,110418.0,118077.94421327904,116776.76102944295,117134.48522478555,116364.75,104348.58358843773
2012-03-15 22:00:00,114544,117275.0,111874.0,117334.47389114635,114723.75054176625,116587.18451373564,118731.0,103462.7795583453
2012-03-15 22:15:00,112360,115879.25,108961.0,115987.03809519304,113356.11288638884,115495.63659355635,113997.5,102455.55181878363
2012-03-15 22:30:00,115758,115333.25,109083.0,115380.98247882944,112852.01255630188,114880.98165540268,113846.75,101537.0871283101
2012-03-15 22:45:00,113452,114999.5,109204.0,115027.11422907973,114247.66745842043,114654.40385624208,114119.5,100733.39640159217
2012-03-15 23:00:00,112481,114028.5,104592.0,114101.84363253714,113165.35787197958,113928.94973078767,108840.0,100030.5307165064
2012-03-15 23:15:00,111753,113512.75,104349.0,113555.75915962162,112436.14918247904,113460.83168428033,109901.75,99447.21426134859
2012-03-15 23:30:00,109325,113361.0,104713.0,113375.49435025625,112480.06732068873,113241.07928040312,111267.0,99078.31355727905
2012-03-15 23:45:00,107748,111752.75,104107.0,111872.96351730953,110694.59560501786,111960.66742016557,110145.25,98771.37485221161
