date,t,GRU,CNN
2020-02-17 19:15:00,115846.0,116755.83116561049,117024.60778238438
2020-02-17 19:20:00,116383.0,115682.03367801753,115669.29667848477
2020-02-17 19:25:00,114819.0,115660.37303362854,115503.18840839008
2020-02-17 19:30:00,115092.0,115069.57514409913,115077.83056906762
2020-02-17 19:35:00,114883.0,114805.14902392644,115033.74133419104
2020-02-17 19:40:00,114723.0,114550.49029117549,114691.75898032064
2020-02-17 19:45:00,114867.0,114577.03920739023,114728.0976709242
2020-02-17 19:50:00,113961.0,114498.51034715679,114316.73703043076
2020-02-17 19:55:00,113729.0,113633.17193607459,113656.4253974407
2020-02-17 20:00:00,113889.0,113593.52996395201,113720.9122689953
2020-02-17 20:05:00,113793.0,113676.37064237117,113964.01689934992
2020-02-17 20:10:00,112742.0,113596.18503506653,113928.66240820596
2020-02-17 20:15:00,111876.0,113020.70063281825,113195.12702054832
2020-02-17 20:20:00,111884.0,111634.38970388273,111982.29530393094
2020-02-17 20:25:00,111267.0,111163.45239938647,111442.62170651052
2020-02-17 20:30:00,111980.0,111113.15666095736,111344.73464762636
2020-02-17 20:35:00,111459.0,111345.37629129167,111823.2695997196
2020-02-17 20:40:00,110946.0,111249.88158662846,111473.09514859934
2020-02-17 20:45:00,111531.0,111035.69243216024,111300.73218376577
2020-02-17 20:50:00,111555.0,111128.4824784932,111246.24010947386
2020-02-17 20:55:00,110409.0,111033.20131112015,111203.32249686068
2020-02-17 21:00:00,111066.0,110644.37128510408,110660.2384622672
2020-02-17 21:05:00,111604.0,110789.38231414718,110908.07075596774
2020-02-17 21:10:00,110641.0,110988.2821752885,111080.91772693532
2020-02-17 21:15:00,110794.0,110662.13599452168,110764.75089894522
2020-02-17 21:20:00,110312.0,110483.10311266301,110622.2018903252
2020-02-17 21:25:00,109326.0,109963.40599383527,110197.0475583627
2020-02-17 21:30:00,109158.0,109648.89547834932,109595.86899889706
2020-02-17 21:35:00,109559.0,109033.51896825897,109129.04254452072
2020-02-17 21:40:00,109775.0,108979.52746481333,109252.40012878065
2020-02-17 21:45:00,110481.0,109564.55784971415,109835.26744938074
2020-02-17 21:50:00,109639.0,109986.72112842118,110392.36247571513
2020-02-17 21:55:00,109454.0,109439.77833426702,109941.31000634273
2020-02-17 22:00:00,110096.0,109585.65552540218,109871.61462117171
2020-02-17 22:05:00,112157.0,109860.88006354812,110294.74370328028
2020-02-17 22:10:00,110585.0,111241.60116034331,111812.81753029172
2020-02-17 22:15:00,110553.0,110833.0737436941,111028.75459993655
2020-02-17 22:20:00,108404.0,110426.01696188023,110687.239309165
2020-02-17 22:25:00,107810.0,108469.00946543468,108452.36521573376
2020-02-17 22:30:00,107017.0,107881.25111660191,107958.04723523144
2020-02-17 22:35:00,107033.0,106969.3557965904,107107.56205106484
2020-02-17 22:40:00,106471.0,106416.17221119432,106567.67986029015
2020-02-17 22:45:00,105854.0,106203.63285085498,106264.59221069928
2020-02-17 22:50:00,105741.0,105533.61571537946,105705.14009450696
2020-02-17 22:55:00,104290.0,105120.82565313006,105382.23105683904
2020-02-17 23:00:00,104226.0,104522.90474189531,104881.76990600622
2020-02-17 23:05:00,104915.0,104167.06001667367,104448.10330998452
2020-02-17 23:10:00,104130.0,103979.3893968877,104479.20957778084
2020-02-17 23:15:00,103825.0,103561.27576558224,104048.4940994956
2020-02-17 23:20:00,103288.0,102867.2906137884,103425.89898244376
2020-02-17 23:25:00,102999.0,102313.42956916725,102850.11646985522
2020-02-17 23:30:00,102438.0,102366.71085198494,102811.87061438207
2020-02-17 23:35:00,101940.0,102280.33831378617,102496.58954170853
2020-02-17 23:40:00,101267.0,101605.27299262295,101981.49147331074
2020-02-17 23:45:00,100705.0,101182.93789624954,101450.32547626884
2020-02-17 23:50:00,99823.0,100413.38282744784,100731.93209110406
2020-02-17 23:55:00,99342.0,99379.78788357663,99715.20210941062
2020-02-18 00:00:00,100136.0,99152.17541599432,99283.39861290592
2020-02-18 00:05:00,99839.0,99714.89377691895,99866.01560491844
2020-02-18 00:10:00,98909.0,99480.07179087149,99766.1292841965
2020-02-18 00:15:00,97674.0,98916.80742754754,99143.29005340477
2020-02-18 00:20:00,97001.0,97524.66518777757,97743.34343763602
2020-02-18 00:25:00,96303.0,96603.58574262663,96710.0985191252
2020-02-18 00:30:00,95437.0,96074.93960974843,96039.2679116646
2020-02-18 00:35:00,94587.0,95343.73241814722,95185.5471689028
2020-02-18 00:40:00,94330.0,94334.10205307437,94177.3768821252
2020-02-18 00:45:00,93809.0,93881.9691807349,93828.40904735864
2020-02-18 00:50:00,93207.0,93455.50695965269,93345.36257097742
2020-02-18 00:55:00,93127.0,92931.92175864769,92807.51255613452
2020-02-18 01:00:00,93512.0,92978.02016172653,92835.63375058456
2020-02-18 01:05:00,92446.0,93177.4304123783,93051.70898422408
2020-02-18 01:10:00,91588.0,92421.41024514879,92528.18663882028
2020-02-18 01:15:00,90946.0,91523.8745985109,91846.31310883584
2020-02-18 01:20:00,91171.0,90628.50944077887,90891.07214306416
2020-02-18 01:25:00,90473.0,90540.82116510406,90647.12579427248
2020-02-18 01:30:00,89928.0,90286.65934625364,90304.15294629466
2020-02-18 01:35:00,89775.0,89817.38213719169,89879.3177982474
2020-02-18 01:40:00,89647.0,89444.91372682087,89487.41017633889
2020-02-18 01:45:00,89703.0,89403.41176144687,89452.76450066073
2020-02-18 01:50:00,89647.0,89437.84560954236,89468.88334154761
2020-02-18 01:55:00,89679.0,89433.08330016375,89316.66828839068
2020-02-18 02:00:00,88917.0,89559.32977328959,89403.70432222246
2020-02-18 02:05:00,89286.0,89042.515039551,89094.38649253134
2020-02-18 02:10:00,88757.0,88922.11079557073,88879.46705265764
2020-02-18 02:15:00,88725.0,88509.06991941684,88680.75553352595
2020-02-18 02:20:00,88276.0,88510.63554240015,88391.36219703816
2020-02-18 02:25:00,88324.0,88219.1791032064,88110.45212776407
2020-02-18 02:30:00,88252.0,88200.90974521314,88119.48774323984
2020-02-18 02:35:00,88107.0,88129.3494997043,88050.50552834173
2020-02-18 02:40:00,87907.0,88064.49092236027,88039.71737747036
2020-02-18 02:45:00,87706.0,88007.50266931481,88035.35956970793
2020-02-18 02:50:00,87305.0,87829.15893220215,87795.62539533529
2020-02-18 02:55:00,87249.0,87522.63232854748,87570.41468882743
2020-02-18 03:00:00,87514.0,87395.24641182978,87411.59606934719
2020-02-18 03:05:00,87498.0,87422.57967009126,87388.45773393581
2020-02-18 03:10:00,86976.0,87397.73514641405,87405.20079580636
2020-02-18 03:15:00,87434.0,87159.59266067146,87138.12212138329
2020-02-18 03:20:00,87297.0,87346.39818577243,87274.9452127686
2020-02-18 03:25:00,87289.0,87410.72820871571,87479.16457776711
2020-02-18 03:30:00,87305.0,87452.95360097449,87547.78738876285
2020-02-18 03:35:00,87169.0,87427.81347232405,87513.87272489532
2020-02-18 03:40:00,87426.0,87342.63475276557,87500.92431649187
2020-02-18 03:45:00,87530.0,87534.81363722666,87534.77941297268
2020-02-18 03:50:00,87987.0,87630.28134056221,87755.63172164063
2020-02-18 03:55:00,87650.0,87992.4801285131,87989.24293017131
2020-02-18 04:00:00,88444.0,87975.2421832824,87971.63427150864
2020-02-18 04:05:00,88340.0,88410.15018873109,88282.74722493067
2020-02-18 04:10:00,88685.0,88495.66379279412,88521.75510566086
2020-02-18 04:15:00,88524.0,88863.38284422146,88794.92581925557
2020-02-18 04:20:00,88749.0,88848.47149610765,88918.6112624138
2020-02-18 04:25:00,88476.0,88982.38991089832,89084.08893083186
2020-02-18 04:30:00,89831.0,88913.9995613579,89069.37088553289
2020-02-18 04:35:00,89318.0,89638.61338074451,89570.57029967911
2020-02-18 04:40:00,89454.0,89703.70198838004,89917.52781168529
2020-02-18 04:45:00,90401.0,89907.51373234818,89955.98411860545
2020-02-18 04:50:00,90208.0,90423.85198493079,90325.67435488384
2020-02-18 04:55:00,90545.0,90564.46685178144,90489.63571060688
2020-02-18 05:00:00,91772.0,91007.8529216058,90979.4744225916
2020-02-18 05:05:00,91146.0,91702.81595336179,91652.14678360854
2020-02-18 05:10:00,91211.0,91686.45489259547,91679.40152220514
2020-02-18 05:15:00,91604.0,91819.65476492334,92047.3394832138
2020-02-18 05:20:00,92109.0,91867.51791678187,92083.21972996269
2020-02-18 05:25:00,92798.0,92358.3984508997,92598.99114075844
2020-02-18 05:30:00,93889.0,93160.9266620888,93483.0153908654
2020-02-18 05:35:00,94899.0,93908.74733757069,94126.99974593648
2020-02-18 05:40:00,95156.0,95022.9048038494,95190.47581474487
2020-02-18 05:45:00,96519.0,95744.43618700352,96137.19926257394
2020-02-18 05:50:00,96503.0,96791.235149425,97021.71909455548
2020-02-18 05:55:00,96423.0,97193.60592329838,97522.03490196072
2020-02-18 06:00:00,96912.0,97458.39439397304,97740.6714290318
2020-02-18 06:05:00,97554.0,97464.42148165655,97679.86666512072
2020-02-18 06:10:00,97586.0,97890.39306707092,98331.702627782
2020-02-18 06:15:00,98332.0,98289.90060030401,98969.87710273812
2020-02-18 06:20:00,98701.0,98833.0772756455,99700.65354736296
2020-02-18 06:25:00,99984.0,99323.34400474212,100239.38734357778
2020-02-18 06:30:00,102935.0,100719.60427583763,101598.32154084864
2020-02-18 06:35:00,102919.0,102896.46513917485,104011.41305738845
2020-02-18 06:40:00,104940.0,103806.28695136552,104674.0790598009
2020-02-18 06:45:00,105798.0,105680.03201032085,106398.88303284832
2020-02-18 06:50:00,105389.0,106396.72511432985,106841.30751734176
2020-02-18 06:55:00,105196.0,106559.44722377823,106739.75672713525
2020-02-18 07:00:00,104899.0,106489.9955955821,106744.25052087277
2020-02-18 07:05:00,106207.0,105696.77462043313,106088.89370803258
2020-02-18 07:10:00,107249.0,106419.4644876711,106929.55748136346
2020-02-18 07:15:00,108075.0,107589.49171026792,108409.28957276976
2020-02-18 07:20:00,108396.0,108538.26728860702,109439.06535071868
2020-02-18 07:25:00,108877.0,109475.72935261714,110060.63311760372
2020-02-18 07:30:00,112526.0,110294.34040431782,110786.35780526926
2020-02-18 07:35:00,113239.0,112761.6257272034,113248.54608898702
2020-02-18 07:40:00,113705.0,114134.31559368511,114405.8986189382
2020-02-18 07:45:00,114651.0,114847.42710608999,114948.38533887034
2020-02-18 07:50:00,115252.0,115038.35617043325,114830.51584325498
2020-02-18 07:55:00,115020.0,115381.24793712937,115074.97354499808
2020-02-18 08:00:00,117546.0,115814.96174471494,115578.25792581734
2020-02-18 08:05:00,115878.0,117353.66907904629,117459.15971283114
2020-02-18 08:10:00,116824.0,116911.60037386512,116642.42234656015
2020-02-18 08:15:00,118869.0,117688.88549823445,117428.80922646869
2020-02-18 08:20:00,118091.0,118706.64286241023,118392.32726844384
2020-02-18 08:25:00,119543.0,119091.29875699367,118655.1331619344
2020-02-18 08:30:00,121547.0,120701.52046356421,120272.70226370655
2020-02-18 08:35:00,121732.0,121655.10884341315,121351.2650319568
2020-02-18 08:40:00,123103.0,122397.11140271672,122112.11431801622
2020-02-18 08:45:00,124242.0,123389.78651034329,123385.1510660602
2020-02-18 08:50:00,123528.0,123803.28619737181,123734.21760598848
2020-02-18 08:55:00,122229.0,123753.886567873,123516.47062505498
2020-02-18 09:00:00,122830.0,123004.1047014135,122822.77003780412
2020-02-18 09:05:00,119679.0,122496.19884000446,122455.13101101662
2020-02-18 09:10:00,119936.0,120542.5071295013,119984.78390504986
2020-02-18 09:15:00,118989.0,120130.63781375688,119987.9784307942
2020-02-18 09:20:00,118051.0,118695.45008826636,118439.14767084167
2020-02-18 09:25:00,117137.0,118054.02792501086,117863.83580677054
2020-02-18 09:30:00,118171.0,117821.75376644141,117630.28206145436
2020-02-18 09:35:00,116872.0,117680.58633363889,117870.38849084033
2020-02-18 09:40:00,117153.0,117069.24452463268,117105.26433419924
2020-02-18 09:45:00,117025.0,117079.78261334798,117333.46292305728
2020-02-18 09:50:00,116086.0,116052.96998604957,116382.59642112878
2020-02-18 09:55:00,115453.0,115383.89085051068,115445.33896843398
2020-02-18 10:00:00,114907.0,115089.86909472679,115226.3070900957
2020-02-18 10:05:00,112446.0,113662.94327255806,114248.15904144614
2020-02-18 10:10:00,111636.0,112290.00976564689,112264.05119414304
2020-02-18 10:15:00,111980.0,111369.98655295424,111399.79305057586
2020-02-18 10:20:00,111820.0,110794.52572924754,110885.92677975282
2020-02-18 10:25:00,111788.0,111308.67820164759,111127.1912324869
2020-02-18 10:30:00,111531.0,111933.68408890927,111877.87509405416
2020-02-18 10:35:00,111900.0,111336.7274491746,111315.14337751432
2020-02-18 10:40:00,112229.0,111846.98994054028,111721.6330304424
2020-02-18 10:45:00,112510.0,112330.39688219667,112455.76609674942
2020-02-18 10:50:00,110633.0,112106.97416190157,112325.7756686351
2020-02-18 10:55:00,110296.0,110749.61138103555,110855.61790021656
2020-02-18 11:00:00,110160.0,110108.16478500396,110489.25856396572
2020-02-18 11:05:00,109326.0,108923.8474162293,109532.81817473238
2020-02-18 11:10:00,109366.0,108853.42477224252,108994.3315945665
2020-02-18 11:15:00,108436.0,109158.86511962909,109376.39520103924
2020-02-18 11:20:00,108484.0,108270.89658547706,108362.35709917796
2020-02-18 11:25:00,108428.0,108443.29627953615,108357.18350362248
2020-02-18 11:30:00,110505.0,108668.69327014351,108679.22286661153
2020-02-18 11:35:00,110328.0,109750.58497785199,110024.64146496008
2020-02-18 11:40:00,110954.0,110532.456936702,110654.00090758738
2020-02-18 11:45:00,111010.0,111163.51658080444,111339.88675072209
2020-02-18 11:50:00,110906.0,110587.28442660408,110751.93905919102
2020-02-18 11:55:00,110705.0,110740.18898535262,110696.01527165748
2020-02-18 12:00:00,111066.0,110577.25829975025,110839.56420580122
2020-02-18 12:05:00,110657.0,110373.34234329332,110752.3618841862
2020-02-18 12:10:00,110986.0,110361.73519006395,110458.8100228066
2020-02-18 12:15:00,110176.0,110793.46454023423,111158.14877456366
2020-02-18 12:20:00,110104.0,110203.26120606599,110741.73218693078
2020-02-18 12:25:00,110216.0,110348.47922097557,110811.3390110732
2020-02-18 12:30:00,110914.0,110585.20788290568,111040.43949781828
2020-02-18 12:35:00,110056.0,110756.65998596023,111164.60897200298
2020-02-18 12:40:00,110393.0,110494.57643490123,110647.90321414004
2020-02-18 12:45:00,111483.0,110283.40358868804,110712.33257799188
2020-02-18 12:50:00,110866.0,110575.60838416756,111006.14945460092
2020-02-18 12:55:00,110585.0,110605.0858620519,110935.11880275514
2020-02-18 13:00:00,111259.0,110527.43425664978,111081.32982973957
2020-02-18 13:05:00,110336.0,110578.83613709007,111198.1521138991
2020-02-18 13:10:00,111195.0,110298.32147227027,110438.63163032614
2020-02-18 13:15:00,109695.0,110810.74135120692,111215.52027063625
2020-02-18 13:20:00,109952.0,109708.2124215495,109918.77126344132
2020-02-18 13:25:00,109831.0,109802.44596889119,110018.71047609636
2020-02-18 13:30:00,111571.0,109973.02890268034,110126.62635325092
2020-02-18 13:35:00,112045.0,110942.18058580384,111184.4232573915
2020-02-18 13:40:00,112438.0,112080.54257795478,112070.97051836972
2020-02-18 13:45:00,112822.0,112592.80804394532,112862.75407513736
2020-02-18 13:50:00,112181.0,112749.19378334832,112870.90579267964
2020-02-18 13:55:00,111467.0,112557.0278813158,112298.91201423414
2020-02-18 14:00:00,112847.0,111914.35263801452,112025.0541038481
2020-02-18 14:05:00,110697.0,112346.08558975806,112613.94047520233
2020-02-18 14:10:00,111539.0,111071.21578959355,111109.30263211236
2020-02-18 14:15:00,111251.0,111174.25082622288,111588.85453041997
2020-02-18 14:20:00,110770.0,110813.05374839538,111093.619011879
2020-02-18 14:25:00,111555.0,110919.98855979198,111104.44355847308
2020-02-18 14:30:00,111724.0,112008.0248214229,112124.7649213256
2020-02-18 14:35:00,112598.0,111849.22807943028,112090.68251001171
2020-02-18 14:40:00,113328.0,112801.60727886135,112745.69185951364
2020-02-18 14:45:00,113215.0,113445.15587836981,113507.47579893027
2020-02-18 14:50:00,112774.0,113203.92032232758,113286.91160173972
2020-02-18 14:55:00,111964.0,113044.29623055548,112852.27651607772
2020-02-18 15:00:00,112919.0,112287.92604938324,112349.82437952788
2020-02-18 15:05:00,113095.0,112351.02887589762,112615.92587349626
2020-02-18 15:10:00,112237.0,112985.49291245962,112936.22340478012
2020-02-18 15:15:00,112839.0,112381.51092917498,112636.45558413796
2020-02-18 15:20:00,112341.0,112644.50737984272,112596.42837923727
2020-02-18 15:25:00,112518.0,112564.85580744925,112589.84450852408
2020-02-18 15:30:00,114049.0,113168.47281752621,113248.52322847258
2020-02-18 15:35:00,113464.0,114093.06690748305,114280.00318855364
2020-02-18 15:40:00,113280.0,113994.39773536113,114108.1017992819
2020-02-18 15:45:00,112750.0,113834.42557981002,113892.17386131556
2020-02-18 15:50:00,112879.0,112637.752713675,112657.25361024364
2020-02-18 15:55:00,112285.0,112562.2698580779,112591.35246466882
2020-02-18 16:00:00,114531.0,112517.54019426253,112660.42221590484
2020-02-18 16:05:00,114715.0,113613.79205116193,113908.1843912201
2020-02-18 16:10:00,114338.0,114561.60094315876,114652.69927151728
2020-02-18 16:15:00,113640.0,114749.7872776393,114999.35879791366
2020-02-18 16:20:00,113424.0,114001.28831771953,113938.19038866536
2020-02-18 16:25:00,113055.0,113895.41542810593,113553.31501166373
2020-02-18 16:30:00,114001.0,113728.35592760857,113582.53233550549
2020-02-18 16:35:00,114090.0,113990.10698398044,113875.75197706782
2020-02-18 16:40:00,113408.0,113967.91548382296,113852.0674936837
2020-02-18 16:45:00,114803.0,113539.20433383484,113710.0720563802
2020-02-18 16:50:00,114274.0,114245.28932132671,114538.96683610436
2020-02-18 16:55:00,114683.0,114309.52719912118,114535.33619377972
2020-02-18 17:00:00,116086.0,115346.81565363478,115629.73711933717
2020-02-18 17:05:00,117201.0,116101.70153813533,116052.53401848504
2020-02-18 17:10:00,118203.0,117009.50057605663,116931.71523265104
2020-02-18 17:15:00,117393.0,118297.77884322019,118327.3304545199
2020-02-18 17:20:00,117249.0,117806.290733648,117723.47501475728
2020-02-18 17:25:00,116078.0,117709.2141128862,117694.96068221355
2020-02-18 17:30:00,118340.0,117236.16889591292,117067.23499133454
2020-02-18 17:35:00,117971.0,118086.6752614579,118059.72089384188
2020-02-18 17:40:00,118195.0,118218.45781170856,117943.5105738984
2020-02-18 17:45:00,120280.0,118513.80136426429,118498.42814180195
2020-02-18 17:50:00,119334.0,119870.76958228122,119831.00795961704
2020-02-18 17:55:00,119246.0,120044.33158348566,119666.13064590388
2020-02-18 18:00:00,121195.0,120624.53455609106,120508.60706853276
2020-02-18 18:05:00,121475.0,121593.19602578448,121341.9993241329
2020-02-18 18:10:00,122526.0,121788.02297170229,121511.56146546146
2020-02-18 18:15:00,121876.0,122716.0720322306,122591.780527006
2020-02-18 18:20:00,120745.0,121986.11557870124,121583.06641403136
2020-02-18 18:25:00,121684.0,121111.11227672904,120549.90059419896
2020-02-18 18:30:00,121395.0,122141.22267992911,122179.54341849308
2020-02-18 18:35:00,120914.0,121748.65250805447,121769.74145725009
2020-02-18 18:40:00,121628.0,121406.66818062482,121214.91904323934
2020-02-18 18:45:00,119871.0,121838.96449462441,121650.0248845851
2020-02-18 18:50:00,120200.0,120281.32325313214,119977.52004510372
2020-02-18 18:55:00,118685.0,120380.40318247043,119883.77892438829
2020-02-18 19:00:00,120425.0,119500.89144046314,119464.3989994044
2020-02-18 19:05:00,119663.0,120166.64458791749,120520.00153691835
2020-02-18 19:10:00,119703.0,119888.51316495112,119878.1568453991
2020-02-18 19:15:00,120561.0,119501.73223585136,119769.68131424958
2020-02-18 19:20:00,117361.0,119715.79325845429,119759.5035210918
2020-02-18 19:25:00,116992.0,117664.77176588977,117281.50832575664
2020-02-18 19:30:00,116848.0,117317.3426610943,117405.84148955198
2020-02-18 19:35:00,117851.0,116361.91553377303,116429.38193932456
2020-02-18 19:40:00,116848.0,116985.97555102693,116916.67277486544
2020-02-18 19:45:00,117594.0,116880.57094977294,116630.05409718858
2020-02-18 19:50:00,115749.0,116742.8890752649,116597.3203398067
2020-02-18 19:55:00,115228.0,115880.67890400688,115406.75834528416
2020-02-18 20:00:00,116736.0,115769.78240811366,115706.70903868788
2020-02-18 20:05:00,117915.0,116231.16889039043,116411.19958139912
2020-02-18 20:10:00,118075.0,117619.55490353082,117655.75154825371
2020-02-18 20:15:00,116391.0,117976.04682932516,117988.2429292284
2020-02-18 20:20:00,116199.0,116242.66659554187,115929.00188848448
2020-02-18 20:25:00,116078.0,115885.9242973621,115263.86032297285
2020-02-18 20:30:00,116191.0,116111.25898589594,116181.09094239054
2020-02-18 20:35:00,115252.0,116275.5750709516,116480.48457886346
2020-02-18 20:40:00,116022.0,115551.48463693325,115344.0573513278
2020-02-18 20:45:00,116223.0,115690.24549607275,115634.7583176455
2020-02-18 20:50:00,114827.0,115658.39968692852,115648.52178118344
2020-02-18 20:55:00,116223.0,115071.77017465576,114855.34274920214
2020-02-18 21:00:00,117097.0,116458.73396042373,116625.64765664506
2020-02-18 21:05:00,117698.0,117199.87430874059,117322.75122607844
2020-02-18 21:10:00,117754.0,118008.50780471376,117831.05608972504
2020-02-18 21:15:00,116207.0,118072.07610052578,117646.54385634972
2020-02-18 21:20:00,115966.0,116139.52931078248,115800.86229260617
2020-02-18 21:25:00,116319.0,115893.79126995237,115416.58974001936
2020-02-18 21:30:00,115862.0,116116.59110544877,116036.69322273153
2020-02-18 21:35:00,115733.0,115881.13775265194,116043.1269192188
2020-02-18 21:40:00,116792.0,115863.6675757982,115867.37053092087
2020-02-18 21:45:00,114370.0,116321.02265134387,116272.311348509
2020-02-18 21:50:00,114867.0,114685.56215749236,114812.78182107909
2020-02-18 21:55:00,115140.0,114970.23794702836,114816.3348484149
2020-02-18 22:00:00,115020.0,115194.38662901768,115408.71747086024
2020-02-18 22:05:00,115485.0,115296.41661897575,115418.93209242228
2020-02-18 22:10:00,115276.0,115514.37789007461,115293.18104779789
2020-02-18 22:15:00,112341.0,114613.85841678074,114682.4753383508
2020-02-18 22:20:00,111708.0,112378.27852389464,112329.87895520186
2020-02-18 22:25:00,110946.0,111321.01880126822,111548.10942758262
2020-02-18 22:30:00,111604.0,110450.9880322976,110916.74567905614
2020-02-18 22:35:00,109350.0,110728.58661995853,111022.42164837166
2020-02-18 22:40:00,109486.0,109291.85991308876,109317.4945988164
2020-02-18 22:45:00,109053.0,108538.295491343,108727.08564800068
2020-02-18 22:50:00,106912.0,108075.28567369863,108057.4336549156
2020-02-18 22:55:00,107257.0,107086.9339724233,107225.81810470363
2020-02-18 23:00:00,108211.0,106848.8166924277,107186.27636993314
2020-02-18 23:05:00,108468.0,107311.75116653608,107747.13145362232
2020-02-18 23:10:00,108067.0,107700.69800080158,108023.66196750234
2020-02-18 23:15:00,106720.0,106970.0466318341,107362.8716729054
2020-02-18 23:20:00,106391.0,105890.0728352152,106090.07181932568
2020-02-18 23:25:00,105236.0,105893.6275082206,106155.22428256934
2020-02-18 23:30:00,105100.0,105043.36678336999,105160.19721249552
2020-02-18 23:35:00,104507.0,104446.74761535201,104733.70463879815
2020-02-18 23:40:00,103151.0,104105.98760875891,104233.05967344488
2020-02-18 23:45:00,102847.0,102463.07648649934,102750.6237981121
2020-02-18 23:50:00,102109.0,102155.3276389703,102219.2829671177
2020-02-18 23:55:00,102863.0,101819.50248187597,102105.6413822628
2020-02-19 00:00:00,102357.0,102430.91752893334,102733.50161127638
2020-02-19 00:05:00,101299.0,102335.44600411893,102569.9287992417
2020-02-19 00:10:00,102101.0,101287.4523772721,101597.54159620522
2020-02-19 00:15:00,100489.0,100999.37915264696,101400.16019870526
2020-02-19 00:20:00,99775.0,99857.31613387704,100077.14407483168
2020-02-19 00:25:00,99061.0,99414.28900243121,99889.366267806
2020-02-19 00:30:00,98372.0,98713.2805728882,98810.67485923736
2020-02-19 00:35:00,97610.0,97794.99421431182,98027.97696422212
2020-02-19 00:40:00,96936.0,97281.2782974103,97350.56605482633
2020-02-19 00:45:00,96664.0,96363.53346842124,96415.609840226
2020-02-19 00:50:00,95830.0,96056.47035719972,96006.93157925086
2020-02-19 00:55:00,95421.0,95848.66321809035,95649.7759737492
2020-02-19 01:00:00,94466.0,95263.53747448488,94972.53955067931
2020-02-19 01:05:00,94603.0,94549.54342502894,94413.24087994642
2020-02-19 01:10:00,93681.0,94215.42698447082,94131.63646284668
2020-02-19 01:15:00,93472.0,93194.63959023134,93222.38697223856
2020-02-19 01:20:00,92678.0,92867.04470369955,92894.31134498368
2020-02-19 01:25:00,92021.0,92298.80971713508,92348.93149371471
2020-02-19 01:30:00,91114.0,91807.51946105475,91997.75043047444
2020-02-19 01:35:00,91082.0,90978.36465808883,91177.4026746137
2020-02-19 01:40:00,90994.0,90679.22352745417,90874.50341402688
2020-02-19 01:45:00,90433.0,90525.91478444064,90708.17999177185
2020-02-19 01:50:00,90377.0,90148.7688910806,90287.3691672849
2020-02-19 01:55:00,90617.0,90136.03441225353,90258.64077316104
2020-02-19 02:00:00,89807.0,90190.34777765683,90272.82897890283
2020-02-19 02:05:00,89815.0,89741.8399033879,89837.64873041514
2020-02-19 02:10:00,89078.0,89639.27071090654,89680.12983337953
2020-02-19 02:15:00,89583.0,88961.20884305492,89132.20568165167
2020-02-19 02:20:00,89158.0,89034.94073796005,88839.83655299712
2020-02-19 02:25:00,89021.0,88893.40942982404,88907.5780831541
2020-02-19 02:30:00,88709.0,88709.26538271857,88734.8342533389
2020-02-19 02:35:00,88404.0,88608.794817509,88601.71516180922
2020-02-19 02:40:00,88396.0,88372.90133324472,88345.67127436638
2020-02-19 02:45:00,87987.0,88305.40375544781,88270.52141077197
2020-02-19 02:50:00,88043.0,88089.88686318583,88126.0617863111
2020-02-19 02:55:00,87963.0,88007.54944489381,87970.14183616042
2020-02-19 03:00:00,87931.0,87829.3656869897,87873.98684866472
2020-02-19 03:05:00,87971.0,87825.81259372675,87790.19633075217
2020-02-19 03:10:00,87658.0,87851.1097060516,87810.19073921115
2020-02-19 03:15:00,87762.0,87757.50049019443,87765.14907604914
2020-02-19 03:20:00,87658.0,87698.16375773716,87645.39749619838
2020-02-19 03:25:00,87971.0,87697.62827086083,87749.708427122
2020-02-19 03:30:00,87794.0,87766.84046889654,87787.86183579743
2020-02-19 03:35:00,87746.0,87821.46584485787,87958.49072235657
2020-02-19 03:40:00,87778.0,87878.06048586746,87993.16434481756
2020-02-19 03:45:00,87835.0,87833.65049545473,87918.39460130755
2020-02-19 03:50:00,87971.0,87967.41799108419,88103.40256192835
2020-02-19 03:55:00,88380.0,88069.53609930865,88152.62583430247
2020-02-19 04:00:00,88669.0,88335.3875427,88384.53362201096
2020-02-19 04:05:00,88492.0,88669.33328418364,88722.09711534355
2020-02-19 04:10:00,88604.0,88672.09499326268,88773.26739851462
2020-02-19 04:15:00,88612.0,88812.4600391769,88942.38182570743
2020-02-19 04:20:00,88853.0,88848.18938000618,88941.24483367694
2020-02-19 04:25:00,88797.0,89055.87337724719,89082.07579043612
2020-02-19 04:30:00,89759.0,89030.68693734295,89098.29795589129
2020-02-19 04:35:00,89486.0,89617.55491693986,89542.68489648883
2020-02-19 04:40:00,89703.0,89759.5346468687,89846.66186011446
2020-02-19 04:45:00,90393.0,89976.80700317468,90044.21052865499
2020-02-19 04:50:00,90072.0,90483.23790177605,90393.19492798156
2020-02-19 04:55:00,90112.0,90557.9773373946,90513.52685594482
2020-02-19 05:00:00,91098.0,90630.64558430779,90669.47459882396
2020-02-19 05:05:00,90585.0,91075.36061564092,91188.3356071533
2020-02-19 05:10:00,90970.0,91023.59316781898,91223.09624725828
2020-02-19 05:15:00,91283.0,91328.16476305602,91597.04160772845
2020-02-19 05:20:00,91371.0,91514.26601065896,91796.94160822616
2020-02-19 05:25:00,92125.0,91813.31734571021,92014.96200681284
2020-02-19 05:30:00,93913.0,92431.99440295494,92680.48719104924
2020-02-19 05:35:00,94603.0,93622.99074267656,93843.07607877436
2020-02-19 05:40:00,95108.0,94733.9354078677,94956.96207879193
2020-02-19 05:45:00,95862.0,95570.35924991484,95920.8146013946
2020-02-19 05:50:00,95509.0,96193.37861292198,96316.5225237179
2020-02-19 05:55:00,95389.0,96331.86820984587,96347.4746872515
2020-02-19 06:00:00,96808.0,96349.96250644843,96418.61046052078
2020-02-19 06:05:00,96367.0,96921.08923205457,96941.02573195526
2020-02-19 06:10:00,97321.0,97004.54771206943,97134.32683566154
2020-02-19 06:15:00,97570.0,97746.13943371142,98255.06017877966
2020-02-19 06:20:00,98468.0,98089.08557078904,98644.71479436469
2020-02-19 06:25:00,100224.0,99039.62440571723,99765.781329408
2020-02-19 06:30:00,102077.0,100832.49438992748,101601.28571510957
2020-02-19 06:35:00,102686.0,102406.89552902222,103225.543600899
2020-02-19 06:40:00,104122.0,103529.80427754382,104001.08875124782
2020-02-19 06:45:00,105565.0,104808.20534854865,105214.43450118
2020-02-19 06:50:00,104924.0,105840.53160415207,106179.12109945208
2020-02-19 06:55:00,104932.0,106083.11302085042,106169.41632622926
2020-02-19 07:00:00,106495.0,106146.45738511089,106445.8381114542
2020-02-19 07:05:00,106399.0,106720.51295809842,107244.86233924305
2020-02-19 07:10:00,107401.0,107192.85551208313,107634.95712377757
2020-02-19 07:15:00,108677.0,108125.63834062187,108822.53148730072
2020-02-19 07:20:00,109454.0,109116.90213674608,109728.6705305442
2020-02-19 07:25:00,110850.0,110417.37357766335,110935.87073915788
2020-02-19 07:30:00,114755.0,112151.2625862455,112666.60634219446
2020-02-19 07:35:00,115990.0,114851.384237976,115424.0061982546
2020-02-19 07:40:00,117225.0,116848.96563241207,117212.67536441708
2020-02-19 07:45:00,117145.0,118347.22447168859,118569.79031003588
2020-02-19 07:50:00,117538.0,118007.07775330773,117799.87717455807
2020-02-19 07:55:00,117530.0,118218.04977416925,117822.55662284736
2020-02-19 08:00:00,117899.0,118497.54213861997,118326.76265198164
2020-02-19 08:05:00,117682.0,118278.86373667726,118259.76772431668
2020-02-19 08:10:00,118693.0,118290.39712097705,118199.11855873224
2020-02-19 08:15:00,119687.0,119004.09863197955,119245.247540676
2020-02-19 08:20:00,119134.0,119830.65196195773,120023.55287560336
2020-02-19 08:25:00,120088.0,120315.27850749443,120253.23728337653
2020-02-19 08:30:00,121732.0,121283.64283002427,121299.1159698759
2020-02-19 08:35:00,122718.0,121991.03777131761,121974.23589730014
2020-02-19 08:40:00,123849.0,122887.85253470381,122939.89202612378
2020-02-19 08:45:00,123231.0,123667.84507446343,123790.68429654636
2020-02-19 08:50:00,123697.0,122943.65253220327,122847.05321235023
2020-02-19 08:55:00,122558.0,123140.8977169674,123043.55091854002
2020-02-19 09:00:00,123384.0,122704.4448264231,122731.83473243454
2020-02-19 09:05:00,120938.0,122750.78351512316,123155.52680038358
2020-02-19 09:10:00,119005.0,121445.41533373123,121318.4267445348
2020-02-19 09:15:00,118829.0,119581.21521171038,119388.6178308158
2020-02-19 09:20:00,117305.0,118405.07731801146,118137.46755867184
2020-02-19 09:25:00,116720.0,117371.54445709412,117123.73631040123
2020-02-19 09:30:00,118428.0,117110.33184988394,116974.89115845172
2020-02-19 09:35:00,116728.0,117671.02058567431,117606.02747555182
2020-02-19 09:40:00,116856.0,116864.07830133781,116823.51294167292
2020-02-19 09:45:00,118877.0,116588.9423809635,116733.7781217808
2020-02-19 09:50:00,117073.0,117289.63765515194,117270.77650148052
2020-02-19 09:55:00,114138.0,116729.26592696927,116700.32262537592
2020-02-19 10:00:00,115629.0,114810.38081913021,114671.10889154962
2020-02-19 10:05:00,112919.0,114036.38082094253,114164.40000732592
2020-02-19 10:10:00,112341.0,112354.56193998177,112501.29491028094
2020-02-19 10:15:00,112510.0,112002.90155677503,111926.33983596666
2020-02-19 10:20:00,111812.0,111351.6252905904,110968.629902506
2020-02-19 10:25:00,112053.0,111397.97960635563,111004.0441292879
2020-02-19 10:30:00,112895.0,112452.70217286813,111993.68276204892
2020-02-19 10:35:00,112614.0,112725.22291878742,112571.44809053784
2020-02-19 10:40:00,112454.0,112962.4817706094,112865.26995350482
2020-02-19 10:45:00,112999.0,112969.24076406319,112860.79810242471
2020-02-19 10:50:00,112413.0,112457.37499083515,112312.21276082964
2020-02-19 10:55:00,110256.0,111904.40125638695,111914.4391610531
2020-02-19 11:00:00,111114.0,110678.2843961491,110787.76375788894
2020-02-19 11:05:00,110850.0,109877.04307540832,110332.6194836113
2020-02-19 11:10:00,109855.0,109942.3661275011,110067.83062597996
2020-02-19 11:15:00,110280.0,109978.2590464022,109987.63196510152
2020-02-19 11:20:00,110537.0,109830.01194942514,109798.00923415896
2020-02-19 11:25:00,110152.0,110252.9064876917,110246.75169727328
2020-02-19 11:30:00,110200.0,110964.29775717141,110762.58393264588
2020-02-19 11:35:00,110874.0,110364.44649559687,110199.38614278278
2020-02-19 11:40:00,112766.0,110576.47434042003,110683.62874680104
2020-02-19 11:45:00,111499.0,112542.8858190065,112623.92174446843
2020-02-19 11:50:00,110786.0,111494.45656304959,111329.1497339639
2020-02-19 11:55:00,110681.0,110520.82779564601,110483.82060392087
2020-02-19 12:00:00,111395.0,110476.15314508336,110367.20653065594
2020-02-19 12:05:00,111483.0,110464.11431838831,110787.81135091836
2020-02-19 12:10:00,111355.0,111106.78435413302,111132.87522777948
2020-02-19 12:15:00,111227.0,111368.35392980072,111359.42337949468
2020-02-19 12:20:00,111531.0,111062.72218508844,111061.7340261301
2020-02-19 12:25:00,110697.0,111428.47534442828,111648.5112292762
2020-02-19 12:30:00,111620.0,111341.28613982839,111616.28368827316
2020-02-19 12:35:00,111788.0,111573.42658977074,111892.43934261752
2020-02-19 12:40:00,111692.0,111680.82791181307,111986.66833017374
2020-02-19 12:45:00,111507.0,111867.05963837655,112203.64592947664
2020-02-19 12:50:00,112325.0,111134.28615677716,111327.96000189328
2020-02-19 12:55:00,110553.0,111332.78289661105,111723.21047893478
2020-02-19 13:00:00,112542.0,110912.80652021486,111194.8513785922
2020-02-19 13:05:00,112285.0,111882.42922912171,112399.52279108882
2020-02-19 13:10:00,111267.0,112041.71249939686,112384.0131948586
2020-02-19 13:15:00,110585.0,111709.7617932741,111898.04419053553
2020-02-19 13:20:00,111539.0,110670.62496781744,110685.7093497951
2020-02-19 13:25:00,111066.0,110922.79816106659,111270.7948722143
2020-02-19 13:30:00,112077.0,111282.17739066338,111455.05880928878
2020-02-19 13:35:00,111764.0,111872.79642896034,112099.99330234124
2020-02-19 13:40:00,112614.0,111824.70243266842,111861.7745288408
2020-02-19 13:45:00,113584.0,112476.25347838365,112644.15172385242
2020-02-19 13:50:00,112726.0,113220.8833742673,113427.81454666374
2020-02-19 13:55:00,112574.0,112790.95717169845,113021.60280661822
2020-02-19 14:00:00,113111.0,113032.73399227968,113046.89650192116
2020-02-19 14:05:00,112654.0,113121.43840163304,113247.23047450824
2020-02-19 14:10:00,111868.0,112641.7221432859,112617.66428256786
2020-02-19 14:15:00,112165.0,112024.2878986776,112041.58521058352
2020-02-19 14:20:00,112630.0,111964.60982099462,112366.74859630408
2020-02-19 14:25:00,112133.0,112244.48305778661,112627.916707686
2020-02-19 14:30:00,113793.0,112650.90568962166,112963.28129062668
2020-02-19 14:35:00,112830.0,113692.26199069555,114023.60805109268
2020-02-19 14:40:00,113729.0,113323.09403772543,113323.09020660314
2020-02-19 14:45:00,114314.0,113968.66660281135,114138.54664851772
2020-02-19 14:50:00,114490.0,114264.5611402908,114232.175362941
2020-02-19 14:55:00,113127.0,114344.61316993262,114436.97937135336
2020-02-19 15:00:00,114843.0,113916.41852262655,113825.907111234
2020-02-19 15:05:00,115766.0,114424.42543768098,114536.62667071343
2020-02-19 15:10:00,114699.0,115236.7772139217,115420.43978741928
2020-02-19 15:15:00,115677.0,115260.30493257412,115188.81509320428
2020-02-19 15:20:00,114811.0,115762.55023375283,115661.98966445512
2020-02-19 15:25:00,115324.0,115261.90493513038,115170.01307588747
2020-02-19 15:30:00,116166.0,116035.2317423136,115783.99466676124
2020-02-19 15:35:00,115108.0,116334.3563107087,116160.42853483115
2020-02-19 15:40:00,114707.0,115609.26649446637,115583.46125618106
2020-02-19 15:45:00,114964.0,115402.90797865497,115261.65643938142
2020-02-19 15:50:00,113199.0,114913.5300792273,114898.14830918226
2020-02-19 15:55:00,112871.0,113392.61707857234,113378.37678340422
2020-02-19 16:00:00,114739.0,113237.74809110985,113318.76153317624
2020-02-19 16:05:00,115878.0,113925.70969608943,114203.88379952856
2020-02-19 16:10:00,114996.0,115164.30884584878,115454.3298881804
2020-02-19 16:15:00,113616.0,115495.34095729797,115470.832618514
2020-02-19 16:20:00,113905.0,114124.9353036451,114044.93948764882
2020-02-19 16:25:00,114274.0,113827.99045268209,113485.84076495389
2020-02-19 16:30:00,115589.0,114510.20289131918,114276.1810008205
2020-02-19 16:35:00,115517.0,115114.21682346535,114984.8322903045
2020-02-19 16:40:00,114122.0,115235.0782372678,114954.639159377
2020-02-19 16:45:00,114081.0,114566.52966161829,114514.2462539853
2020-02-19 16:50:00,115725.0,113938.76830595481,113776.90268240776
2020-02-19 16:55:00,114474.0,115012.61721694173,114867.28447479974
2020-02-19 17:00:00,117907.0,115380.88645052597,115401.95272149188
2020-02-19 17:05:00,120176.0,117595.32624837253,117273.65247847736
2020-02-19 17:10:00,119254.0,119493.61097719362,119149.09465159866
2020-02-19 17:15:00,118596.0,120181.06677799692,119585.42074202248
2020-02-19 17:20:00,118628.0,119461.3640430987,118823.60915307672
2020-02-19 17:25:00,118717.0,119145.46048977786,118681.3475355831
2020-02-19 17:30:00,119438.0,119695.64265485729,119122.22686962536
2020-02-19 17:35:00,120417.0,119736.58721722061,119187.76925702422
2020-02-19 17:40:00,120978.0,119900.46693774716,119380.26203347866
2020-02-19 17:45:00,121676.0,120933.8037400336,120680.11772267472
2020-02-19 17:50:00,122438.0,121881.0506655029,122101.71854214376
2020-02-19 17:55:00,122582.0,122861.65761379103,122872.30322950972
2020-02-19 18:00:00,124627.0,124140.98356625941,124076.22186780772
2020-02-19 18:05:00,124691.0,125467.75415606881,125252.25208504892
2020-02-19 18:10:00,124747.0,125298.08748201729,124495.82067781652
2020-02-19 18:15:00,125469.0,124987.09648544158,124483.12122788964
2020-02-19 18:20:00,125461.0,125214.77626518694,124892.0057944209
2020-02-19 18:25:00,125918.0,125395.41561238036,125270.98362057134
2020-02-19 18:30:00,125300.0,126508.51240261155,126746.49741317613
2020-02-19 18:35:00,125164.0,126112.72603791147,126092.58495132456
2020-02-19 18:40:00,125525.0,125299.18623761517,125153.5477854329
2020-02-19 18:45:00,126463.0,125623.57574099353,125488.16077884928
2020-02-19 18:50:00,125052.0,126299.1837439458,126525.79582789387
2020-02-19 18:55:00,124603.0,125601.58141263784,125579.69086845424
2020-02-19 19:00:00,124835.0,125509.60327659789,125463.20176407049
2020-02-19 19:05:00,125132.0,125085.85087630463,125055.87833392656
2020-02-19 19:10:00,124779.0,124836.68559918812,124823.36186981796
2020-02-19 19:15:00,125669.0,124515.10640546586,124580.84252699513
2020-02-19 19:20:00,123608.0,124791.97143075854,125042.41639415325
2020-02-19 19:25:00,124041.0,123697.41644251988,123360.45037915988
2020-02-19 19:30:00,123360.0,123911.13181127842,124004.51755476254
2020-02-19 19:35:00,124138.0,123245.54011201712,123393.0463220702
2020-02-19 19:40:00,123087.0,123482.65234889426,123755.39501050848
2020-02-19 19:45:00,123159.0,123214.85653246296,123070.35348999148
2020-02-19 19:50:00,123135.0,122841.07860772725,122889.27110586272
2020-02-19 19:55:00,121852.0,122680.25447427672,122479.03946001768
2020-02-19 20:00:00,122967.0,122246.42196153264,122172.49970923524
2020-02-19 20:05:00,125252.0,122692.21246350628,122993.62555259572
2020-02-19 20:10:00,123031.0,124219.7620752824,124531.74008430287
2020-02-19 20:15:00,123632.0,123609.93579434245,123576.30267045934
2020-02-19 20:20:00,123424.0,123476.46472999228,123449.6658318694
2020-02-19 20:25:00,121892.0,123079.84024477578,122546.02613495608
2020-02-19 20:30:00,122718.0,122350.00626830419,121989.72399675584
2020-02-19 20:35:00,123681.0,122613.1873401388,122359.52019521216
2020-02-19 20:40:00,122309.0,122893.36247135939,122898.06227013566
2020-02-19 20:45:00,121996.0,122873.41462150832,122443.17744598408
2020-02-19 20:50:00,122285.0,122159.08900900623,121995.91617058532
2020-02-19 20:55:00,122662.0,121932.20539584923,121700.69516682852
2020-02-19 21:00:00,123464.0,122863.68975079473,122467.90229305175
2020-02-19 21:05:00,123320.0,123714.80876050335,123466.2192363797
2020-02-19 21:10:00,123127.0,123441.72473847058,123059.46176428246
2020-02-19 21:15:00,120657.0,123428.95493540997,122741.41995808356
2020-02-19 21:20:00,120866.0,121230.02510070294,120773.0698256522
2020-02-19 21:25:00,122125.0,120497.16284046337,120178.41455711768
2020-02-19 21:30:00,121387.0,121424.6996219001,121354.2107177392
2020-02-19 21:35:00,120449.0,121539.33232841981,121440.60260890654
2020-02-19 21:40:00,120401.0,120551.62713787382,120061.08144664638
2020-02-19 21:45:00,120457.0,120165.52152109731,119699.99317690224
2020-02-19 21:50:00,120786.0,120253.6926057265,120273.56388703753
2020-02-19 21:55:00,120304.0,120590.7989742536,120720.92530280651
2020-02-19 22:00:00,122221.0,120638.15904819615,120556.77335104722
2020-02-19 22:05:00,121523.0,121922.75234162834,121892.54913384962
2020-02-19 22:10:00,119647.0,121339.3461309402,121152.68660415147
2020-02-19 22:15:00,119591.0,119933.68067251921,119424.9137888536
2020-02-19 22:20:00,119222.0,119245.99654159429,118993.78510210212
2020-02-19 22:25:00,117369.0,118676.4853649319,118697.94110376782
2020-02-19 22:30:00,117915.0,117790.10625974888,117338.0895969452
2020-02-19 22:35:00,115918.0,117448.14470087586,117331.24235187404
2020-02-19 22:40:00,116319.0,115507.57004711134,115500.69682676913
2020-02-19 22:45:00,115557.0,115700.64759184844,115703.62718836586
2020-02-19 22:50:00,114322.0,115212.92776546827,115462.23142297084
2020-02-19 22:55:00,114057.0,114327.02051740907,114769.11819376035
2020-02-19 23:00:00,114827.0,114110.26737371522,114151.12500364956
2020-02-19 23:05:00,115685.0,114014.36323549028,114318.42246121592
2020-02-19 23:10:00,113961.0,114490.43484427764,114793.62085481838
2020-02-19 23:15:00,111964.0,113437.94278292372,113556.70311506538
2020-02-19 23:20:00,111259.0,111700.83447925586,111774.45016284942
2020-02-19 23:25:00,109286.0,110511.67013221984,110628.18462530106
2020-02-19 23:30:00,108364.0,108998.3140714853,108936.03187745818
2020-02-19 23:35:00,107891.0,107599.98536251843,107594.16012062048
2020-02-19 23:40:00,106519.0,106456.66103809756,106551.90166793752
2020-02-19 23:45:00,106327.0,105553.39640725541,105697.70081591509
2020-02-19 23:50:00,104915.0,105467.05633718526,105398.29475494297
2020-02-19 23:55:00,104755.0,104303.67605500932,104719.85235084718
2020-02-20 00:00:00,104819.0,104452.14328742161,104637.42303156292
2020-02-20 00:05:00,105196.0,104108.61780318052,104352.1605897755
2020-02-20 00:10:00,104386.0,103808.9628641407,104427.25090733772
2020-02-20 00:15:00,101948.0,103295.90825898472,103888.63584137564
2020-02-20 00:20:00,100625.0,101302.28502794281,101879.89253034595
2020-02-20 00:25:00,100320.0,99804.84993506841,100533.09497165996
2020-02-20 00:30:00,99214.0,99339.42811622855,99542.0009446184
2020-02-20 00:35:00,98580.0,98301.6512207552,98450.74628640203
2020-02-20 00:40:00,97642.0,97816.12480822437,97932.170701147
2020-02-20 00:45:00,96768.0,96972.39581822982,96919.52033675136
2020-02-20 00:50:00,96030.0,96241.94367275694,96222.07660007424
2020-02-20 00:55:00,95525.0,95690.12925989897,95709.60249944196
2020-02-20 01:00:00,95124.0,95259.16594046328,95325.40494919602
2020-02-20 01:05:00,94795.0,94978.11319848702,94917.46493952745
2020-02-20 01:10:00,94298.0,94099.81883902758,94394.32452225492
2020-02-20 01:15:00,94122.0,93370.06718994572,93606.9246701748
2020-02-20 01:20:00,93103.0,93073.32822650281,93379.07523877296
2020-02-20 01:25:00,92887.0,92435.11114164414,92746.20225661872
2020-02-20 01:30:00,92887.0,92400.87601265559,92527.34744647105
2020-02-20 01:35:00,91900.0,92294.20852273762,92238.61493007129
2020-02-20 01:40:00,91812.0,91626.41108406818,91847.44265784309
2020-02-20 01:45:00,91507.0,91443.4035171811,91722.8636210919
2020-02-20 01:50:00,91010.0,90968.58345175211,91381.56293313597
2020-02-20 01:55:00,91026.0,90751.1512837113,90869.4630068218
2020-02-20 02:00:00,90713.0,90785.57776100926,91002.20734128836
2020-02-20 02:05:00,90746.0,90533.66681166965,90740.57561291974
2020-02-20 02:10:00,90521.0,90471.05083728724,90614.73703592876
2020-02-20 02:15:00,90280.0,90071.14685358324,90284.73018557271
2020-02-20 02:20:00,90112.0,89823.16544754151,89862.34134514586
2020-02-20 02:25:00,89719.0,89833.87640908021,89911.1182938021
2020-02-20 02:30:00,88693.0,89574.98652709613,89665.54502355834
2020-02-20 02:35:00,89190.0,88932.48452219511,89047.65846750654
2020-02-20 02:40:00,88989.0,88819.07032933547,88753.14540447411
2020-02-20 02:45:00,89438.0,88675.34840711027,88756.55803387462
2020-02-20 02:50:00,88460.0,89055.36696422636,88849.75020026174
2020-02-20 02:55:00,88781.0,88607.91529324108,88602.7310867485
2020-02-20 03:00:00,88484.0,88666.53360946882,88495.79585568632
2020-02-20 03:05:00,88428.0,88508.62136844423,88629.34279111543
2020-02-20 03:10:00,88588.0,88398.47277267177,88363.50131469706
2020-02-20 03:15:00,87907.0,88424.81754631702,88479.01395834608
2020-02-20 03:20:00,87859.0,87945.37219016826,88040.2903573498
2020-02-20 03:25:00,88011.0,87868.50929977727,87823.29403678022
2020-02-20 03:30:00,87939.0,87874.59725504542,87883.47180057371
2020-02-20 03:35:00,88147.0,87891.24927685593,87917.57535399588
2020-02-20 03:40:00,88324.0,88178.44004484196,87992.19854647202
2020-02-20 03:45:00,88572.0,88275.81768352354,88212.78015082475
2020-02-20 03:50:00,88717.0,88504.87282524849,88497.95450535754
2020-02-20 03:55:00,88693.0,88782.98593699766,88756.50354217668
2020-02-20 04:00:00,89262.0,88731.37498910903,88853.88608123563
2020-02-20 04:05:00,89134.0,89192.85883662717,89232.48710833926
2020-02-20 04:10:00,89094.0,89254.48684470668,89381.55282654372
2020-02-20 04:15:00,89551.0,89259.71416141579,89264.13323642619
2020-02-20 04:20:00,89446.0,89507.43826837768,89588.04634366714
2020-02-20 04:25:00,89286.0,89605.31349093252,89712.12069190966
2020-02-20 04:30:00,89759.0,89614.37679133001,89548.03701179878
2020-02-20 04:35:00,90176.0,89873.51195347203,89769.68438014016
2020-02-20 04:40:00,90417.0,90284.14965622706,90160.67500017693
2020-02-20 04:45:00,90457.0,90716.4747154376,90569.71154885042
2020-02-20 04:50:00,90449.0,90737.93314825013,90722.47083145416
2020-02-20 04:55:00,90425.0,90828.08039832223,90855.29561406915
2020-02-20 05:00:00,91299.0,90835.75825022648,90900.10852317628
2020-02-20 05:05:00,90681.0,91324.83020826915,91418.87942152382
2020-02-20 05:10:00,91403.0,91255.81941092135,91410.35196210945
2020-02-20 05:15:00,91780.0,91547.07060722876,91691.26587866098
2020-02-20 05:20:00,92197.0,91893.56212767906,91992.71868866464
2020-02-20 05:25:00,93023.0,92401.79217858381,92624.76429257506
2020-02-20 05:30:00,93865.0,93186.6518102528,93449.28490913144
2020-02-20 05:35:00,94859.0,94020.53601511777,94294.77971285218
2020-02-20 05:40:00,95164.0,95052.78460005364,95308.2697504302
2020-02-20 05:45:00,95950.0,95643.59202425316,95862.3195707457
2020-02-20 05:50:00,95814.0,96253.00105346575,96341.57583394344
2020-02-20 05:55:00,95830.0,96450.72778802145,96496.12831092156
2020-02-20 06:00:00,96992.0,96593.16445268439,96686.65240722246
2020-02-20 06:05:00,97073.0,97235.53115244898,97503.00912768756
2020-02-20 06:10:00,98356.0,97613.39487570322,97896.51805733096
2020-02-20 06:15:00,99374.0,98686.62133497404,99211.55576260264
2020-02-20 06:20:00,100433.0,99708.05751846086,100246.99011725734
2020-02-20 06:25:00,101676.0,100961.71305977229,101568.35296561358
2020-02-20 06:30:00,103809.0,102417.31582880877,102894.98036516312
2020-02-20 06:35:00,104691.0,104184.4566622501,104648.77971469182
2020-02-20 06:40:00,105894.0,105515.30039816634,105928.60968729676
2020-02-20 06:45:00,107690.0,106718.90245083027,106977.23333430478
2020-02-20 06:50:00,107257.0,108029.36990703532,108247.0819955018
2020-02-20 06:55:00,106134.0,108352.79955478177,108427.66428603765
2020-02-20 07:00:00,107810.0,107794.47219241751,107788.14959340144
2020-02-20 07:05:00,108003.0,108268.9090468867,108564.86221696748
2020-02-20 07:10:00,108845.0,108762.0076609072,109117.10130559425
2020-02-20 07:15:00,110882.0,109755.24382100251,110109.09643492544
2020-02-20 07:20:00,112606.0,111238.35959107932,111537.78252008406
2020-02-20 07:25:00,112798.0,113116.67293722682,113589.5100279912
2020-02-20 07:30:00,115437.0,114361.1686317725,114623.70332566746
2020-02-20 07:35:00,116880.0,116121.25269072581,116458.41228647792
2020-02-20 07:40:00,119326.0,117564.94498969639,117942.17443246148
2020-02-20 07:45:00,119968.0,119826.8500858745,120123.8930057594
2020-02-20 07:50:00,120160.0,120388.57553927008,120274.02095791591
2020-02-20 07:55:00,119374.0,120591.65264873703,120535.54684896664
2020-02-20 08:00:00,121347.0,120404.69867925475,120146.36182982662
2020-02-20 08:05:00,120136.0,121293.3334451722,121435.07273575054
2020-02-20 08:10:00,120729.0,121115.77940904003,121073.45888632588
2020-02-20 08:15:00,122590.0,121569.66941919002,121464.04895699648
2020-02-20 08:20:00,121387.0,122504.65798014052,122213.35237618476
2020-02-20 08:25:00,123296.0,122185.92331835162,121888.1995457592
2020-02-20 08:30:00,124835.0,123744.46119362712,123712.78940621458
2020-02-20 08:35:00,125252.0,124656.4944346585,124924.1066052331
2020-02-20 08:40:00,125910.0,125466.39562891012,125844.54863142956
2020-02-20 08:45:00,126616.0,126062.79088782732,126357.52634660628
2020-02-20 08:50:00,124739.0,125783.53218935628,125835.42924941384
2020-02-20 08:55:00,124755.0,124514.06822157666,124204.28540843468
2020-02-20 09:00:00,124964.0,124392.08049257474,124415.68049725793
2020-02-20 09:05:00,122895.0,123925.18322114486,124253.59212277213
2020-02-20 09:10:00,121371.0,123004.42579594314,123084.31887245484
2020-02-20 09:15:00,122758.0,121759.08977203847,121786.302591189
2020-02-20 09:20:00,120545.0,121694.23065552389,121658.87112521532
2020-02-20 09:25:00,121219.0,120715.19889813471,120556.49545323748
2020-02-20 09:30:00,120361.0,121297.9807790585,121404.96099229336
2020-02-20 09:35:00,119318.0,120145.6256879872,119993.56803893571
2020-02-20 09:40:00,120729.0,119363.16087065823,119179.5046558942
2020-02-20 09:45:00,119711.0,120040.92881788054,120188.0792037938
2020-02-20 09:50:00,118308.0,118645.21806207676,118932.37729138254
2020-02-20 09:55:00,117530.0,117690.22489301773,117567.9019627888
2020-02-20 10:00:00,117185.0,117042.44374064784,117174.6556745504
2020-02-20 10:05:00,115581.0,115953.04588497948,116207.1967141173
2020-02-20 10:10:00,114322.0,115243.11604036343,115161.00248712796
2020-02-20 10:15:00,113416.0,114337.85285346808,114458.57105667455
2020-02-20 10:20:00,113552.0,112671.2065708738,112642.74681059989
2020-02-20 10:25:00,113071.0,113099.96470844164,112865.83274702467
2020-02-20 10:30:00,114771.0,112961.47324451014,113058.04635517109
2020-02-20 10:35:00,114258.0,113971.05962217563,113892.2524767084
2020-02-20 10:40:00,114571.0,114320.59602315388,113998.19668483674
2020-02-20 10:45:00,114795.0,114729.67746987139,114628.1162037581
2020-02-20 10:50:00,113616.0,114211.36043268701,114188.81716554717
2020-02-20 10:55:00,111892.0,113550.47897032587,113293.612482494
2020-02-20 11:00:00,112983.0,112282.7982710606,112536.82266967608
2020-02-20 11:05:00,111315.0,111715.22148238789,112171.93230825846
2020-02-20 11:10:00,111980.0,110867.44231818493,110897.73625846433
2020-02-20 11:15:00,112157.0,111523.25887712595,111748.08858274906
2020-02-20 11:20:00,112598.0,111441.35178723703,111482.60876541586
2020-02-20 11:25:00,111620.0,112672.7768753028,112669.7659596797
2020-02-20 11:30:00,112798.0,112598.53163176886,112784.8383873383
2020-02-20 11:35:00,113480.0,112601.60552409677,112617.6488501792
2020-02-20 11:40:00,113448.0,113572.0864428391,113410.66735140572
2020-02-20 11:45:00,114627.0,113663.33300950965,113891.01854933416
2020-02-20 11:50:00,113047.0,113842.3033776995,113805.35273917066
2020-02-20 11:55:00,113849.0,112937.8996783012,112860.53447836007
2020-02-20 12:00:00,113873.0,113551.34585801593,113874.2087449747
2020-02-20 12:05:00,114033.0,113338.29547559573,113656.90393233697
2020-02-20 12:10:00,114049.0,113853.5304905199,114042.7807516547
2020-02-20 12:15:00,114619.0,114202.7543002995,114234.3074316254
2020-02-20 12:20:00,113745.0,114440.0343407694,114412.99409186438
2020-02-20 12:25:00,113584.0,114114.85601012365,114172.09191604554
2020-02-20 12:30:00,115204.0,114274.21202507053,114518.63069105096
2020-02-20 12:35:00,115284.0,114774.29202647862,115131.5730932846
2020-02-20 12:40:00,114378.0,115435.42827132568,115673.9477730918
2020-02-20 12:45:00,115252.0,114993.49557269034,115187.17305109905
2020-02-20 12:50:00,113576.0,114571.29433283817,114803.60691860622
2020-02-20 12:55:00,113368.0,113539.9653697587,113379.117453421
2020-02-20 13:00:00,114819.0,113403.03686302813,113781.66355079829
2020-02-20 13:05:00,114098.0,113924.35210516959,114234.13250538256
2020-02-20 13:10:00,113673.0,113930.99076632611,114310.39744218366
2020-02-20 13:15:00,113905.0,113908.12919854207,114209.56942461792
2020-02-20 13:20:00,114130.0,113502.85303585997,113559.47057974276
2020-02-20 13:25:00,114041.0,113853.96326803186,113903.01196260576
2020-02-20 13:30:00,113985.0,114509.45113135017,114748.7443187793
2020-02-20 13:35:00,114691.0,114094.30374594124,114053.12755393633
2020-02-20 13:40:00,114875.0,114390.93054064712,114635.1626668989
2020-02-20 13:45:00,115902.0,114888.24515429168,115128.52119019738
2020-02-20 13:50:00,114523.0,115134.84191626793,115430.02037570094
2020-02-20 13:55:00,114675.0,114696.79643623221,114570.82644691935
2020-02-20 14:00:00,115838.0,114949.89614019757,115211.49722698652
2020-02-20 14:05:00,116808.0,115505.73704845454,115584.75465919328
2020-02-20 14:10:00,114875.0,116544.76798326848,116833.55204776826
2020-02-20 14:15:00,115733.0,115890.51826421916,115978.1840340685
2020-02-20 14:20:00,114466.0,115626.51339162418,115754.7463423965
2020-02-20 14:25:00,115766.0,114669.60471397945,114546.77098147511
2020-02-20 14:30:00,116038.0,116005.145084603,116157.79599465226
2020-02-20 14:35:00,116720.0,116119.07852009247,116104.06810917104
2020-02-20 14:40:00,115669.0,116705.48340889197,116883.03296382152
2020-02-20 14:45:00,116928.0,116395.32515831685,116319.93828353526
2020-02-20 14:50:00,117369.0,116480.36623130643,116536.9161589962
2020-02-20 14:55:00,115565.0,117256.29186033354,117095.76422152096
2020-02-20 15:00:00,117313.0,116760.06045524417,116734.5499335747
2020-02-20 15:05:00,117674.0,117220.49838708503,116925.7308719187
2020-02-20 15:10:00,118652.0,117340.3232855475,117275.8347703727
2020-02-20 15:15:00,118219.0,118642.57680521692,118594.72527692956
2020-02-20 15:20:00,117883.0,118414.379424654,118182.77736595226
2020-02-20 15:25:00,117690.0,118360.58974677471,118161.04359800392
2020-02-20 15:30:00,118893.0,118487.39725778362,118344.65502461173
2020-02-20 15:35:00,118171.0,119058.0858415319,118779.7208380426
2020-02-20 15:40:00,117602.0,118481.33033793335,118490.63152164676
2020-02-20 15:45:00,117786.0,118303.07995970713,118207.8824242986
2020-02-20 15:50:00,117490.0,117576.11190995964,117659.06659071264
2020-02-20 15:55:00,117249.0,117344.72321949137,117224.81688232505
2020-02-20 16:00:00,118075.0,117746.40811148995,118089.34253864388
2020-02-20 16:05:00,117554.0,118106.00016186532,118349.630550838
2020-02-20 16:10:00,116752.0,117692.52475043354,117858.83806672988
2020-02-20 16:15:00,116856.0,117187.81359931757,117341.17426627358
2020-02-20 16:20:00,115878.0,116552.98838555485,116604.41110544582
2020-02-20 16:25:00,116696.0,115846.61372846544,115836.44655135994
2020-02-20 16:30:00,118171.0,116664.94457994957,116927.68368005165
2020-02-20 16:35:00,118717.0,117535.59635163817,117533.00407626024
2020-02-20 16:40:00,118636.0,118322.69550664039,118468.61635338535
2020-02-20 16:45:00,117867.0,118941.60465581612,118908.4602615948
2020-02-20 16:50:00,118628.0,118293.28986806501,118175.10123478233
2020-02-20 16:55:00,119005.0,118532.57473525008,118329.23824703637
2020-02-20 17:00:00,121940.0,119407.53017643905,119249.00074227976
2020-02-20 17:05:00,124282.0,121297.51070382769,121203.7020088743
2020-02-20 17:10:00,122133.0,123656.05376250061,123653.35494984112
2020-02-20 17:15:00,122413.0,123289.97174206663,123009.7372357498
2020-02-20 17:20:00,123223.0,123024.80869072693,122403.79284917632
2020-02-20 17:25:00,123111.0,123487.08183916692,122855.54155855588
2020-02-20 17:30:00,124442.0,124217.64918277608,123898.05801461638
2020-02-20 17:35:00,125645.0,124898.2380721989,124292.27992907511
2020-02-20 17:40:00,125565.0,125231.44964170315,124684.49482565628
2020-02-20 17:45:00,126640.0,125860.1157418528,125576.33321782632
2020-02-20 17:50:00,125974.0,126753.80757047408,126761.24516385936
2020-02-20 17:55:00,126600.0,126722.06352290219,126800.8904462046
2020-02-20 18:00:00,129430.0,127660.75015102298,127825.81600808592
2020-02-20 18:05:00,129767.0,129180.09059041011,129128.30429355748
2020-02-20 18:10:00,129198.0,129500.4339394729,129248.1079629682
2020-02-20 18:15:00,131130.0,129456.48646090055,129187.26793152344
2020-02-20 18:20:00,130232.0,130213.94800926477,130360.26781549068
2020-02-20 18:25:00,130144.0,130254.46723772617,130250.5969437422
2020-02-20 18:30:00,131243.0,130825.59243981741,131132.47991244344
2020-02-20 18:35:00,130713.0,131004.77021198762,131175.28481740772
2020-02-20 18:40:00,131868.0,130413.4774615902,130463.3894457212
2020-02-20 18:45:00,130537.0,131119.82681544256,131571.95357153588
2020-02-20 18:50:00,130633.0,130337.90320980978,130392.48324009472
2020-02-20 18:55:00,130120.0,130280.16403988707,130663.56264047274
2020-02-20 19:00:00,130761.0,130481.74430670364,130982.5956761312
2020-02-20 19:05:00,131002.0,130474.41390892907,130729.92391211828
2020-02-20 19:10:00,127345.0,130118.51323290338,130392.83726357522
2020-02-20 19:15:00,127834.0,127854.18512268756,127672.87737334604
2020-02-20 19:20:00,131411.0,126877.02843053905,126823.87815692528
2020-02-20 19:25:00,130906.0,128962.11402023303,129087.44946966437
2020-02-20 19:30:00,129262.0,130252.85421181563,130949.9676139243
2020-02-20 19:35:00,128356.0,129563.37402442301,129441.54208563604
2020-02-20 19:40:00,129198.0,127936.16685281102,127427.3543158767
2020-02-20 19:45:00,127249.0,128251.03386608356,128013.9320292504
2020-02-20 19:50:00,126896.0,127188.98268318146,126877.10221298844
2020-02-20 19:55:00,126279.0,126262.8860504985,125762.21989842237
2020-02-20 20:00:00,126976.0,125988.12131796812,125811.019823809
2020-02-20 20:05:00,128660.0,126072.98536686682,126190.3236689413
2020-02-20 20:10:00,128011.0,127056.88571012688,127226.93832419413
2020-02-20 20:15:00,127233.0,127639.31227163017,127461.31033749344
2020-02-20 20:20:00,125950.0,127609.48950321137,127666.44588041672
2020-02-20 20:25:00,126463.0,126443.85508758858,125535.78799212477
2020-02-20 20:30:00,126575.0,126161.87752968141,125760.36805342844
2020-02-20 20:35:00,126712.0,125968.74036590417,125777.64721977842
2020-02-20 20:40:00,127105.0,125881.92360978597,125650.5033030473
2020-02-20 20:45:00,126142.0,126214.8073380705,126223.03598687604
2020-02-20 20:50:00,125870.0,126042.37585971657,126133.75999580447
2020-02-20 20:55:00,126784.0,125711.79961554623,125925.3143269407
2020-02-20 21:00:00,127690.0,126725.43703856737,127334.25123698838
2020-02-20 21:05:00,129134.0,127653.96373130594,128210.40534619142
2020-02-20 21:10:00,128195.0,128435.68411621841,128583.3887212576
2020-02-20 21:15:00,127257.0,128179.51026421844,127789.03621950616
2020-02-20 21:20:00,126102.0,127623.75402329466,127185.67337957722
2020-02-20 21:25:00,126150.0,126614.13101761589,126094.391688563
2020-02-20 21:30:00,126223.0,126080.51277237339,125984.56919954496
2020-02-20 21:35:00,126712.0,125857.10793078583,125671.9883576905
2020-02-20 21:40:00,125830.0,126050.31872242174,126099.62107151932
2020-02-20 21:45:00,125020.0,125551.07893784918,125855.3772223222
2020-02-20 21:50:00,126423.0,125053.46344473629,125171.0933106872
2020-02-20 21:55:00,126415.0,125843.45585237523,125595.62247753628
2020-02-20 22:00:00,125677.0,126525.53993320621,126711.71703046167
2020-02-20 22:05:00,126383.0,126386.92728570028,126261.3209716756
2020-02-20 22:10:00,126527.0,125970.3840728607,125799.90859415212
2020-02-20 22:15:00,124851.0,125609.2913365491,125184.57360918575
2020-02-20 22:20:00,124619.0,124750.69907976304,124552.78143645589
2020-02-20 22:25:00,124771.0,124302.2696207158,124077.84807071862
2020-02-20 22:30:00,123737.0,124109.10392098749,124634.57184496254
2020-02-20 22:35:00,121764.0,123882.55919090545,124146.71431683126
2020-02-20 22:40:00,122381.0,122016.54137412219,121586.41650941018
2020-02-20 22:45:00,123552.0,121471.41053448453,121475.1290264736
2020-02-20 22:50:00,123063.0,122587.63724564282,122965.25459721337
2020-02-20 22:55:00,121956.0,122936.72506698096,123107.30586123843
2020-02-20 23:00:00,121756.0,122327.61503231592,122214.46156234102
2020-02-20 23:05:00,121555.0,121902.66920745121,121445.836640353
2020-02-20 23:10:00,119815.0,121304.31289044124,120766.26676707182
2020-02-20 23:15:00,119430.0,119505.51840376815,119087.84708923553
2020-02-20 23:20:00,118428.0,118566.13583572797,118246.60235334736
2020-02-20 23:25:00,115469.0,117612.552081451,117732.53555105478
2020-02-20 23:30:00,114867.0,115293.35639310557,115422.04691448866
2020-02-20 23:35:00,114426.0,114150.9972172946,114368.7729299238
2020-02-20 23:40:00,113015.0,113312.33749689936,113533.80673560347
2020-02-20 23:45:00,113175.0,112381.82924065016,112548.15303366153
2020-02-20 23:50:00,111547.0,112436.32027697697,112343.93974373733
2020-02-20 23:55:00,110353.0,110977.0822492779,111295.7174633646
2020-02-21 00:00:00,110954.0,109744.2536469616,110076.14792587048
2020-02-21 00:05:00,110673.0,109639.32557845833,109903.95201362476
2020-02-21 00:10:00,108941.0,109305.4054414132,109833.27442571566
2020-02-21 00:15:00,108011.0,108123.24656505426,108718.81603104816
2020-02-21 00:20:00,106592.0,106796.81298013857,107339.56527986332
2020-02-21 00:25:00,105982.0,105245.54736519359,106051.51749393543
2020-02-21 00:30:00,104924.0,104763.46968015473,105471.87628803718
2020-02-21 00:35:00,103288.0,103841.35087942591,104093.24907757854
2020-02-21 00:40:00,102839.0,102438.16455337666,102528.48043047974
2020-02-21 00:45:00,101491.0,102019.52994730804,102013.36786546286
2020-02-21 00:50:00,100585.0,100875.92293824583,100902.2901797816
2020-02-21 00:55:00,99992.0,99796.2640893192,100117.91579758572
2020-02-21 01:00:00,99446.0,99127.03624517968,99321.64664768468
2020-02-21 01:05:00,99494.0,98594.50173311926,98778.79292343523
2020-02-21 01:10:00,98620.0,98314.66428175029,98744.02589126617
2020-02-21 01:15:00,97442.0,97735.07274323037,98179.46662889396
2020-02-21 01:20:00,97137.0,96718.70584019298,97240.84553054677
2020-02-21 01:25:00,97001.0,96080.61431892216,96669.1848644206
2020-02-21 01:30:00,96407.0,95992.10896536674,96274.83574541008
2020-02-21 01:35:00,95565.0,95665.80402246494,96007.21486005942
2020-02-21 01:40:00,94290.0,95012.45505149232,95154.14787305314
2020-02-21 01:45:00,94210.0,94146.28967971752,94208.94972925782
2020-02-21 01:50:00,94314.0,93603.33168764912,93649.41506229449
2020-02-21 01:55:00,93961.0,93475.82611317703,93528.95670916484
2020-02-21 02:00:00,93841.0,93604.90102961822,93648.76734094584
2020-02-21 02:05:00,93119.0,93491.14972129966,93448.1090578621
2020-02-21 02:10:00,93079.0,92828.77679905982,92907.46804444594
2020-02-21 02:15:00,92510.0,92618.05791527663,92876.99823983447
2020-02-21 02:20:00,92069.0,92101.6844114805,92219.5878644818
2020-02-21 02:25:00,92173.0,91761.65614353982,92009.31446530482
2020-02-21 02:30:00,91676.0,91743.42547893127,91847.42400591663
2020-02-21 02:35:00,91066.0,91311.32031308737,91522.76139335742
2020-02-21 02:40:00,91716.0,90824.31679134123,91068.19455145088
2020-02-21 02:45:00,91098.0,91081.20398777434,91247.0568060078
2020-02-21 02:50:00,90922.0,90918.14461014015,91055.7817404226
2020-02-21 02:55:00,90345.0,90837.93359646168,90806.85002872958
2020-02-21 03:00:00,90882.0,90397.28640170721,90419.89589318926
2020-02-21 03:05:00,91042.0,90496.00085014792,90520.38761498472
2020-02-21 03:10:00,90561.0,90607.61894578618,90738.6124933866
2020-02-21 03:15:00,90032.0,90376.72340590585,90544.08903551407
2020-02-21 03:20:00,89984.0,90003.92745236195,90108.5956344988
2020-02-21 03:25:00,90008.0,89873.57943436808,89963.72929189661
2020-02-21 03:30:00,90096.0,89873.5167845555,89928.62972737658
2020-02-21 03:35:00,90513.0,89893.58718587903,89893.21250240842
2020-02-21 03:40:00,89984.0,90120.55219258009,90127.91693206428
2020-02-21 03:45:00,89839.0,90007.23435078113,90040.32866116015
2020-02-21 03:50:00,90024.0,89922.54115833508,89918.26604039082
2020-02-21 03:55:00,90184.0,89974.06115317691,90021.49253480801
2020-02-21 04:00:00,90577.0,90160.32746093343,90076.3288345029
2020-02-21 04:05:00,91291.0,90397.18507577904,90255.679222307
2020-02-21 04:10:00,91163.0,90961.27645004199,90874.17467017862
2020-02-21 04:15:00,90585.0,91033.88878834243,91190.7938711878
2020-02-21 04:20:00,90601.0,90871.54470345934,91040.3100064212
2020-02-21 04:25:00,90762.0,90809.52762802845,90952.4849567215
2020-02-21 04:30:00,91058.0,90857.53631852126,90963.9077065295
2020-02-21 04:35:00,91283.0,91116.04541663952,91133.09772931988
2020-02-21 04:40:00,90545.0,91276.67752785445,91355.67731671804
2020-02-21 04:45:00,91555.0,90919.47267036613,91198.56032823552
2020-02-21 04:50:00,91692.0,91487.65972269065,91773.1269885808
2020-02-21 04:55:00,91756.0,91767.38713714796,92018.09243971268
2020-02-21 05:00:00,91997.0,92117.33926133347,92349.97558539968
2020-02-21 05:05:00,91924.0,92369.30701949359,92547.54608936617
2020-02-21 05:10:00,91972.0,92198.79608489186,92427.87564152868
2020-02-21 05:15:00,92518.0,92194.94351524787,92408.48199299233
2020-02-21 05:20:00,92454.0,92500.58572047182,92664.29255481673
2020-02-21 05:25:00,93111.0,92668.00201511061,92914.52481543184
2020-02-21 05:30:00,94458.0,93294.06535473233,93440.03118336588
2020-02-21 05:35:00,95397.0,94310.92230286174,94271.2025333335
2020-02-21 05:40:00,96391.0,95335.71788460179,95215.66935245972
2020-02-21 05:45:00,97089.0,96534.40660539773,96329.3427649609
2020-02-21 05:50:00,96495.0,97381.59271300011,97224.72763102304
2020-02-21 05:55:00,96736.0,97391.1655884433,97031.48200289597
2020-02-21 06:00:00,97674.0,97485.93045561409,96987.46700049617
2020-02-21 06:05:00,98324.0,97983.61151804209,97668.13867837678
2020-02-21 06:10:00,98949.0,98561.19158807545,98417.26734633771
2020-02-21 06:15:00,99599.0,99257.20925236274,99285.70579614554
2020-02-21 06:20:00,100778.0,99953.11520556593,100126.9849852696
2020-02-21 06:25:00,101652.0,101160.93452002888,101429.24911160373
2020-02-21 06:30:00,103857.0,102487.90788025105,102794.36503634532
2020-02-21 06:35:00,104723.0,104363.5392665347,104689.58289574334
2020-02-21 06:40:00,106199.0,105424.39334421266,105467.01571839931
2020-02-21 06:45:00,107057.0,106875.31534729397,106725.81763617514
2020-02-21 06:50:00,107947.0,107691.11064564307,107390.34137995914
2020-02-21 06:55:00,108115.0,108616.31785156873,108464.5676045191
2020-02-21 07:00:00,109174.0,109173.43425070352,109148.81950955204
2020-02-21 07:05:00,109527.0,109903.93568341395,109966.69447149214
2020-02-21 07:10:00,109559.0,110355.20304750839,110411.54884120583
2020-02-21 07:15:00,111243.0,110641.18906162557,110751.7598018747
2020-02-21 07:20:00,112269.0,111714.86610348093,111997.00223565052
2020-02-21 07:25:00,114186.0,112953.52802591701,113298.62747413656
2020-02-21 07:30:00,117442.0,115064.7837629333,115449.1266848546
2020-02-21 07:35:00,118316.0,117761.88447895113,118056.14472494752
2020-02-21 07:40:00,119486.0,119327.80461801513,119510.80808799448
2020-02-21 07:45:00,119887.0,120608.15846157909,120691.3584603684
2020-02-21 07:50:00,120962.0,120776.66789778287,120569.2435056791
2020-02-21 07:55:00,120465.0,121350.19643412546,121302.467296484
2020-02-21 08:00:00,122293.0,121374.09486060364,121305.08796917612
2020-02-21 08:05:00,120625.0,122158.54099916054,122440.6759861778
2020-02-21 08:10:00,122871.0,121368.05951632124,121399.4984989543
2020-02-21 08:15:00,123961.0,122785.22790505536,123322.79141585476
2020-02-21 08:20:00,123528.0,123911.12562360974,124294.95239491988
2020-02-21 08:25:00,123472.0,124430.96497278876,124612.34569749968
2020-02-21 08:30:00,126102.0,124701.46075148098,124583.56046781607
2020-02-21 08:35:00,125733.0,125682.6245937975,125686.5172897564
2020-02-21 08:40:00,127289.0,125863.32219346575,125810.795847901
2020-02-21 08:45:00,127834.0,126767.21522379002,127224.0846420504
2020-02-21 08:50:00,126640.0,126855.66544653173,127205.9495683912
2020-02-21 08:55:00,126960.0,126306.4723163356,126488.09824970446
2020-02-21 09:00:00,126712.0,126541.55312632045,127037.29784278884
2020-02-21 09:05:00,124851.0,125871.00439220543,126553.92543921537
2020-02-21 09:10:00,123560.0,124891.72508405952,125034.61895601737
2020-02-21 09:15:00,123937.0,123672.41795777145,123744.81131267596
2020-02-21 09:20:00,122181.0,123007.79893267229,123156.27966264624
2020-02-21 09:25:00,121419.0,122099.73216534899,122057.12916545298
2020-02-21 09:30:00,121010.0,121670.64171962395,121936.81318714505
2020-02-21 09:35:00,121371.0,120505.56024001125,120754.15693535992
2020-02-21 09:40:00,122149.0,120732.70854876789,120872.3502722516
2020-02-21 09:45:00,122141.0,121304.84437005513,121722.43995992228
2020-02-21 09:50:00,121507.0,121160.76746253484,121400.48228274498
2020-02-21 09:55:00,120232.0,120845.10020747721,120801.30820743916
2020-02-21 10:00:00,119911.0,120119.37444567066,120162.5074539708
2020-02-21 10:05:00,117730.0,118900.52407236498,119087.3435468772
2020-02-21 10:10:00,116784.0,117512.2875063203,117414.86830160656
2020-02-21 10:15:00,116640.0,116522.1662549719,116570.6465314404
2020-02-21 10:20:00,116134.0,115575.33853457512,115512.88464615252
2020-02-21 10:25:00,115645.0,115494.9876548683,115512.01074210144
2020-02-21 10:30:00,116680.0,115665.15098754359,115788.08168070896
2020-02-21 10:35:00,115485.0,116258.86096365772,116504.6128305336
2020-02-21 10:40:00,117826.0,116065.5693396878,116194.5701111224
2020-02-21 10:45:00,116471.0,117718.34758017001,117691.34487456152
2020-02-21 10:50:00,115862.0,116456.88868166221,116196.52914401348
2020-02-21 10:55:00,114178.0,115890.48412196954,115559.52462227506
2020-02-21 11:00:00,113304.0,114242.4010962584,114166.86288307572
2020-02-21 11:05:00,114466.0,112416.22617626759,112704.74019741656
2020-02-21 11:10:00,113937.0,113296.83328732099,113317.03940103026
2020-02-21 11:15:00,112911.0,113504.3013362568,113739.70372998624
2020-02-21 11:20:00,113737.0,112738.81432287768,113018.72646013048
2020-02-21 11:25:00,114194.0,113387.19525773209,113249.35255872855
2020-02-21 11:30:00,115573.0,114178.2345036359,114250.83061184168
2020-02-21 11:35:00,114883.0,115561.37127134639,115605.24540870303
2020-02-21 11:40:00,116551.0,115775.34092611476,115453.00494619495
2020-02-21 11:45:00,116896.0,116480.48933302422,116599.62369353576
2020-02-21 11:50:00,116247.0,116584.20128730327,116499.4800855708
2020-02-21 11:55:00,115878.0,116078.62896601524,115898.91371581376
2020-02-21 12:00:00,116094.0,115890.60011245504,115930.04747549648
2020-02-21 12:05:00,116984.0,115560.78804091677,115958.69864702526
2020-02-21 12:10:00,116511.0,116604.18153655928,116435.24324884836
2020-02-21 12:15:00,116166.0,116724.33190210284,116833.30102803836
2020-02-21 12:20:00,116263.0,116332.69384188815,116516.20899451904
2020-02-21 12:25:00,116239.0,116588.61235354345,116719.85170697942
2020-02-21 12:30:00,116383.0,116692.90349224609,116811.13877012764
2020-02-21 12:35:00,115814.0,116681.28980170225,116764.21641447872
2020-02-21 12:40:00,116118.0,116457.75448218244,116376.882992722
2020-02-21 12:45:00,116215.0,115979.18134917741,116199.80837833267
2020-02-21 12:50:00,115822.0,115780.06537779128,116015.6675500864
2020-02-21 12:55:00,115397.0,115311.24523275634,115718.61147872289
2020-02-21 13:00:00,116279.0,115021.62435939783,115461.8597989428
2020-02-21 13:05:00,115581.0,115773.56295383327,116250.1808718397
2020-02-21 13:10:00,116070.0,115571.98418209396,115793.1193018726
2020-02-21 13:15:00,115180.0,115840.42271161365,116011.85510031968
2020-02-21 13:20:00,116519.0,115101.67826396553,115337.52299047475
2020-02-21 13:25:00,115870.0,116083.61780938553,116245.80809207406
2020-02-21 13:30:00,116150.0,116181.49509887719,116322.5721829859
2020-02-21 13:35:00,117409.0,116139.7125739217,116401.10962518092
2020-02-21 13:40:00,117458.0,117163.42784820661,117134.77002376506
2020-02-21 13:45:00,117337.0,117455.40666004048,117733.45901370996
2020-02-21 13:50:00,117393.0,117463.6860903732,117725.1392377
2020-02-21 13:55:00,115790.0,117331.0417145694,117324.0795372735
2020-02-21 14:00:00,116984.0,116211.99102120785,116273.93294287984
2020-02-21 14:05:00,116856.0,116845.70876440677,117144.56047695292
2020-02-21 14:10:00,116439.0,116807.10148029294,116888.64877575924
2020-02-21 14:15:00,117626.0,116464.02040038408,116683.577353305
2020-02-21 14:20:00,116415.0,117374.26258214859,117618.447579701
2020-02-21 14:25:00,116471.0,116767.43094147554,116824.78170801543
2020-02-21 14:30:00,118853.0,117013.43815286833,117002.38591986454
2020-02-21 14:35:00,117818.0,118482.33767518417,118606.740679307
2020-02-21 14:40:00,118356.0,118269.0596878572,118175.8150745279
2020-02-21 14:45:00,119286.0,118735.90885739755,118582.34896042876
2020-02-21 14:50:00,118260.0,118983.70949618268,118742.18233854212
2020-02-21 14:55:00,118524.0,118418.24585961054,118199.01559585404
2020-02-21 15:00:00,119655.0,118947.15416918702,118657.5428092489
2020-02-21 15:05:00,119711.0,119407.20644457065,119435.086653818
2020-02-21 15:10:00,120120.0,119954.25093552824,119870.82970515094
2020-02-21 15:15:00,119334.0,120438.0670022465,120431.46646428484
2020-02-21 15:20:00,119775.0,119816.73701732686,119548.97895931278
2020-02-21 15:25:00,118668.0,120038.7350063311,119782.27427084689
2020-02-21 15:30:00,119863.0,119559.7722130535,119478.23761243786
2020-02-21 15:35:00,120641.0,119974.70386602942,120068.87508606592
2020-02-21 15:40:00,119374.0,120499.62680337201,120395.95075990573
2020-02-21 15:45:00,119807.0,120010.84762931868,120128.42438949856
2020-02-21 15:50:00,118548.0,119767.72390120935,119738.891450229
2020-02-21 15:55:00,118580.0,118609.24316960972,118364.79015305292
2020-02-21 16:00:00,120176.0,118930.96789013816,118978.5812514106
2020-02-21 16:05:00,119863.0,119769.98030355868,119940.65174320713
2020-02-21 16:10:00,119847.0,119760.60868358813,119815.54708182118
2020-02-21 16:15:00,119863.0,120138.45151937843,120139.02086580216
2020-02-21 16:20:00,118765.0,119673.12735225713,119590.05096863495
2020-02-21 16:25:00,118773.0,118964.17532013262,118719.0961687813
2020-02-21 16:30:00,120216.0,119396.96192711327,119174.07788295706
2020-02-21 16:35:00,121443.0,119813.56051523215,119805.57010092272
2020-02-21 16:40:00,121259.0,121027.57049585528,120891.38104139736
2020-02-21 16:45:00,121483.0,121448.31621052376,121443.21745674242
2020-02-21 16:50:00,122478.0,121344.56724373782,121298.87236432504
2020-02-21 16:55:00,121507.0,122320.75174926461,121904.8211057437
2020-02-21 17:00:00,124819.0,122497.81064627317,122344.32127868105
2020-02-21 17:05:00,127249.0,124499.22333811053,124541.96249827504
2020-02-21 17:10:00,126624.0,126506.65250345439,126483.8041358552
2020-02-21 17:15:00,126864.0,127158.94351910891,127135.85966035671
2020-02-21 17:20:00,125926.0,127228.76480235747,126857.3895585566
2020-02-21 17:25:00,126054.0,126393.74895574087,125650.19583891092
2020-02-21 17:30:00,126896.0,127050.56265858593,126739.35998901156
2020-02-21 17:35:00,127586.0,127326.6210286841,126987.08966382164
2020-02-21 17:40:00,127530.0,127359.90049416837,126997.25591694636
2020-02-21 17:45:00,129069.0,127781.36511892463,127567.4163783643
2020-02-21 17:50:00,129118.0,128391.28349006303,128717.991727569
2020-02-21 17:55:00,128388.0,129082.4384878495,129052.9251621026
2020-02-21 18:00:00,130761.0,129657.79845930095,129747.27682929092
2020-02-21 18:05:00,132293.0,130602.85912804019,130948.40981562131
2020-02-21 18:10:00,131660.0,131534.24218095958,131743.06111536027
2020-02-21 18:15:00,131748.0,131509.15572506757,131635.55193786274
2020-02-21 18:20:00,132951.0,131041.44581659963,131149.16331858587
2020-02-21 18:25:00,132309.0,131569.01111183007,131658.48523325083
2020-02-21 18:30:00,133680.0,132157.04694781694,132654.14366336798
2020-02-21 18:35:00,134009.0,133070.56564389783,133869.83819297573
2020-02-21 18:40:00,134442.0,133050.20987470535,133784.4299902072
2020-02-21 18:45:00,134354.0,133597.0881251112,134469.508351237
2020-02-21 18:50:00,134378.0,133572.73427143382,134435.8212054427
2020-02-21 18:55:00,133440.0,133319.95127498562,133974.1390733571
2020-02-21 19:00:00,133833.0,133425.59822153804,133937.99316728918
2020-02-21 19:05:00,135413.0,133322.13780830763,134124.56897076417
2020-02-21 19:10:00,135565.0,133578.36015513775,134496.39879560974
2020-02-21 19:15:00,136046.0,134039.80808310033,135108.39143569773
2020-02-21 19:20:00,135172.0,134191.10830536927,135646.23108389787
2020-02-21 19:25:00,134210.0,133798.66438802792,134478.2549849842
2020-02-21 19:30:00,134178.0,133652.56810168616,134411.15988675773
2020-02-21 19:35:00,134771.0,133302.5642316059,134412.9475366341
2020-02-21 19:40:00,132798.0,133128.03250755632,134150.1814106771
2020-02-21 19:45:00,133087.0,132173.97079224171,132754.1829224372
2020-02-21 19:50:00,133648.0,131756.89091465768,132653.3654118535
2020-02-21 19:55:00,131098.0,131667.09877020452,132239.3682525532
2020-02-21 20:00:00,131980.0,131081.29915420676,131275.46414935196
2020-02-21 20:05:00,132429.0,131357.4666635881,132049.1486550707
2020-02-21 20:10:00,130465.0,131123.19210287245,131560.56136803163
2020-02-21 20:15:00,131002.0,130190.28285051761,130186.31192196024
2020-02-21 20:20:00,129342.0,129906.7738774423,130055.6477002034
2020-02-21 20:25:00,130184.0,128264.54350710339,128148.5879467404
2020-02-21 20:30:00,128596.0,129112.86039709164,129077.06787454148
2020-02-21 20:35:00,128869.0,128270.43542343308,128393.75598397976
2020-02-21 20:40:00,128003.0,127728.45817303743,128175.63801832173
2020-02-21 20:45:00,128219.0,127551.65144921615,127592.74408038196
2020-02-21 20:50:00,128251.0,127381.60957731513,128067.75820540424
2020-02-21 20:55:00,129013.0,127234.71618897906,127840.0645250694
2020-02-21 21:00:00,130312.0,128248.77899435753,128559.4258070879
2020-02-21 21:05:00,130593.0,129523.95727138822,130163.7202128028
2020-02-21 21:10:00,129655.0,129908.81777214292,130388.11692020213
2020-02-21 21:15:00,129270.0,129680.78343386944,129670.51632179249
2020-02-21 21:20:00,128821.0,129049.31988108344,129209.45089782817
2020-02-21 21:25:00,129310.0,128263.00525972266,128386.77456018688
2020-02-21 21:30:00,128436.0,128649.32243781084,129133.08470507794
2020-02-21 21:35:00,128765.0,128349.13762482579,128940.60013454966
2020-02-21 21:40:00,128211.0,127929.93490301771,128460.41421557267
2020-02-21 21:45:00,129390.0,128019.86807039702,128242.32096321163
2020-02-21 21:50:00,129102.0,128849.30060412342,129503.0907379334
2020-02-21 21:55:00,127818.0,128898.07375345002,129411.540243977
2020-02-21 22:00:00,129655.0,128466.26399693413,128649.1113224295
2020-02-21 22:05:00,129382.0,129065.5103978118,129427.04939688004
2020-02-21 22:10:00,129142.0,128741.55682277717,128932.46775644316
2020-02-21 22:15:00,130745.0,128779.52106769534,128578.55217407556
2020-02-21 22:20:00,129663.0,129421.31393857005,129440.4509462298
2020-02-21 22:25:00,128604.0,129172.40564038913,129152.67262719352
2020-02-21 22:30:00,130657.0,128720.91224579241,128763.40590686086
2020-02-21 22:35:00,130288.0,129597.59921058296,130046.11695372529
2020-02-21 22:40:00,130826.0,129475.8362551137,130232.19906331274
2020-02-21 22:45:00,129687.0,130479.75674831349,130988.99809162848
2020-02-21 22:50:00,128259.0,129640.03678053258,129529.3661445758
2020-02-21 22:55:00,129053.0,128335.77099104247,128196.02831946276
2020-02-21 23:00:00,128877.0,128779.20933421131,128842.7695133722
2020-02-21 23:05:00,129831.0,128432.14756678649,128613.79944927176
2020-02-21 23:10:00,126535.0,128883.32523758183,129156.30347644624
2020-02-21 23:15:00,130657.0,126990.90422038463,126865.07266482986
2020-02-21 23:20:00,129695.0,128640.26205824131,128952.28582309358
2020-02-21 23:25:00,127289.0,128894.08566309318,128854.58325895036
2020-02-21 23:30:00,127867.0,128076.28529116452,127856.94607886896
2020-02-21 23:35:00,126407.0,127501.62111164682,126829.4327026124
2020-02-21 23:40:00,127698.0,125911.81887934294,125434.74089561192
2020-02-21 23:45:00,125741.0,126925.28662806311,126936.75641424194
2020-02-21 23:50:00,125220.0,125419.41330010915,124914.95551093164
2020-02-21 23:55:00,126158.0,124484.7715835961,124252.63483858436
2020-02-22 00:00:00,125292.0,125608.82973077337,125355.6656238933
